chrom	start	end	etat
chr1	3826000	3828000	NPC
chr1	3832000	3833000	NPC
chr1	4294000	4295000	NPC
chr1	4299000	4304000	NPC
chr1	4348000	4350000	NPC
chr1	4352000	4353000	NPC
chr1	4354000	4359000	NPC
chr1	4361000	4362000	NPC
chr1	4367000	4368000	NPC
chr1	4678000	4680000	ESC
chr1	5008000	5014000	ESC
chr1	5906000	5908000	ESC
chr1	6349000	6350000	ESC
chr1	6431000	6432000	ESC
chr1	9833000	9836000	ESC
chr1	12977000	12978000	ESC
chr1	13110000	13113000	ESC
chr1	14490000	14493000	ESC
chr1	14868000	14869000	NPC
chr1	14871000	14872000	NPC
chr1	14878000	14879000	NPC
chr1	14880000	14882000	NPC
chr1	15877000	15878000	ESC
chr1	16078000	16079000	ESC
chr1	17082000	17083000	ESC
chr1	18354000	18355000	NPC
chr1	18368000	18369000	NPC
chr1	18374000	18375000	NPC
chr1	18396000	18397000	NPC
chr1	18965000	18966000	NPC
chr1	19593000	19594000	NPC
chr1	19596000	19597000	NPC
chr1	19685000	19687000	NPC
chr1	19712000	19713000	NPC
chr1	21945000	21948000	ESC
chr1	22026000	22028000	NPC
chr1	22036000	22038000	NPC
chr1	22048000	22049000	NPC
chr1	22091000	22092000	NPC
chr1	22102000	22105000	NPC
chr1	22117000	22119000	NPC
chr1	22120000	22121000	NPC
chr1	22127000	22128000	NPC
chr1	22152000	22153000	NPC
chr1	22159000	22160000	NPC
chr1	22167000	22168000	NPC
chr1	22173000	22174000	NPC
chr1	22180000	22182000	NPC
chr1	22379000	22383000	NPC
chr1	22384000	22385000	NPC
chr1	22388000	22393000	NPC
chr1	22395000	22397000	NPC
chr1	22398000	22400000	NPC
chr1	22401000	22402000	NPC
chr1	22407000	22408000	NPC
chr1	22410000	22412000	NPC
chr1	22414000	22415000	NPC
chr1	22417000	22418000	NPC
chr1	22434000	22435000	NPC
chr1	22437000	22438000	NPC
chr1	22439000	22440000	NPC
chr1	22442000	22443000	NPC
chr1	22446000	22447000	NPC
chr1	23716000	23719000	ESC
chr1	24541000	24542000	ESC
chr1	28274000	28275000	NPC
chr1	28479000	28480000	NPC
chr1	28494000	28495000	NPC
chr1	28541000	28542000	NPC
chr1	28568000	28569000	NPC
chr1	28576000	28577000	NPC
chr1	28599000	28600000	NPC
chr1	28618000	28619000	NPC
chr1	28680000	28681000	NPC
chr1	28701000	28702000	NPC
chr1	28712000	28713000	NPC
chr1	28748000	28749000	NPC
chr1	28767000	28768000	NPC
chr1	28772000	28773000	NPC
chr1	28775000	28776000	NPC
chr1	28781000	28782000	NPC
chr1	28838000	28839000	NPC
chr1	28840000	28841000	NPC
chr1	28931000	28932000	NPC
chr1	28933000	28934000	NPC
chr1	28947000	28948000	NPC
chr1	28957000	28958000	NPC
chr1	28977000	28978000	NPC
chr1	28994000	28995000	NPC
chr1	28997000	28998000	NPC
chr1	29002000	29004000	NPC
chr1	29097000	29098000	NPC
chr1	29146000	29147000	NPC
chr1	29148000	29149000	NPC
chr1	29213000	29214000	NPC
chr1	29215000	29216000	NPC
chr1	29241000	29242000	NPC
chr1	29311000	29312000	NPC
chr1	29443000	29444000	NPC
chr1	29495000	29496000	NPC
chr1	29631000	29632000	NPC
chr1	31310000	31312000	NPC
chr1	32194000	32195000	NPC
chr1	32441000	32442000	NPC
chr1	34417000	34418000	ESC
chr1	34578000	34581000	ESC
chr1	34621000	34624000	ESC
chr1	34668000	34669000	ESC
chr1	34690000	34697000	ESC
chr1	34749000	34750000	ESC
chr1	34874000	34875000	ESC
chr1	36067000	36068000	ESC
chr1	36213000	36217000	ESC
chr1	38378000	38389000	NPC
chr1	38390000	38413000	NPC
chr1	38419000	38435000	NPC
chr1	38438000	38439000	NPC
chr1	38541000	38544000	NPC
chr1	39594000	39596000	ESC
chr1	40269000	40271000	ESC
chr1	42436000	42437000	ESC
chr1	42628000	42633000	ESC
chr1	42634000	42635000	ESC
chr1	42636000	42645000	ESC
chr1	42648000	42650000	ESC
chr1	42653000	42659000	ESC
chr1	44496000	44497000	ESC
chr1	45837000	45839000	NPC
chr1	45844000	45845000	NPC
chr1	45853000	45855000	NPC
chr1	47135000	47136000	NPC
chr1	47149000	47150000	NPC
chr1	47159000	47160000	NPC
chr1	47200000	47201000	NPC
chr1	47203000	47204000	NPC
chr1	47206000	47207000	NPC
chr1	47224000	47225000	NPC
chr1	47227000	47228000	NPC
chr1	47233000	47234000	NPC
chr1	47235000	47236000	NPC
chr1	47238000	47239000	NPC
chr1	50019000	50020000	NPC
chr1	50035000	50036000	NPC
chr1	50057000	50058000	NPC
chr1	50060000	50062000	NPC
chr1	50126000	50127000	NPC
chr1	50147000	50148000	NPC
chr1	50149000	50151000	NPC
chr1	50220000	50221000	NPC
chr1	50248000	50249000	NPC
chr1	50262000	50263000	NPC
chr1	50264000	50265000	NPC
chr1	50305000	50306000	NPC
chr1	50320000	50321000	NPC
chr1	50322000	50323000	NPC
chr1	50436000	50437000	NPC
chr1	50447000	50448000	NPC
chr1	50452000	50453000	NPC
chr1	50458000	50459000	NPC
chr1	50470000	50471000	NPC
chr1	50516000	50518000	NPC
chr1	50519000	50521000	NPC
chr1	50532000	50533000	NPC
chr1	50542000	50543000	NPC
chr1	50544000	50545000	NPC
chr1	50556000	50557000	NPC
chr1	50559000	50561000	NPC
chr1	50562000	50563000	NPC
chr1	50564000	50566000	NPC
chr1	50567000	50568000	NPC
chr1	50572000	50573000	NPC
chr1	50574000	50575000	NPC
chr1	50576000	50578000	NPC
chr1	50579000	50581000	NPC
chr1	50582000	50585000	NPC
chr1	50588000	50597000	NPC
chr1	50598000	50599000	NPC
chr1	50870000	50873000	ESC
chr1	55306000	55310000	ESC
chr1	55350000	55352000	ESC
chr1	55935000	55936000	NPC
chr1	55940000	55943000	NPC
chr1	55944000	55945000	NPC
chr1	55981000	55982000	NPC
chr1	55988000	55990000	NPC
chr1	55992000	55993000	NPC
chr1	56008000	56009000	NPC
chr1	56016000	56017000	NPC
chr1	56068000	56072000	NPC
chr1	56075000	56076000	NPC
chr1	56077000	56078000	NPC
chr1	56112000	56117000	NPC
chr1	56577000	56578000	NPC
chr1	56586000	56588000	NPC
chr1	56590000	56591000	NPC
chr1	56595000	56596000	NPC
chr1	56597000	56599000	NPC
chr1	56602000	56603000	NPC
chr1	56912000	56918000	ESC
chr1	56919000	56931000	ESC
chr1	57719000	57720000	ESC
chr1	61572000	61575000	ESC
chr1	62639000	62642000	ESC
chr1	63211000	63215000	NPC
chr1	63216000	63217000	NPC
chr1	63218000	63219000	NPC
chr1	63222000	63224000	NPC
chr1	63225000	63231000	NPC
chr1	63234000	63235000	NPC
chr1	65604000	65605000	NPC
chr1	65609000	65610000	NPC
chr1	65613000	65614000	NPC
chr1	65621000	65622000	NPC
chr1	65623000	65624000	NPC
chr1	65634000	65635000	NPC
chr1	65668000	65669000	NPC
chr1	65691000	65693000	NPC
chr1	65723000	65725000	NPC
chr1	65734000	65735000	NPC
chr1	65739000	65740000	NPC
chr1	65741000	65742000	NPC
chr1	65767000	65768000	NPC
chr1	65769000	65770000	NPC
chr1	65772000	65773000	NPC
chr1	65778000	65779000	NPC
chr1	65781000	65782000	NPC
chr1	65821000	65822000	NPC
chr1	65827000	65828000	NPC
chr1	65832000	65833000	NPC
chr1	65834000	65837000	NPC
chr1	65849000	65850000	NPC
chr1	65860000	65862000	NPC
chr1	65864000	65865000	NPC
chr1	65867000	65868000	NPC
chr1	65870000	65871000	NPC
chr1	65873000	65874000	NPC
chr1	65875000	65877000	NPC
chr1	65886000	65890000	NPC
chr1	65893000	65894000	NPC
chr1	65897000	65899000	NPC
chr1	65901000	65903000	NPC
chr1	65906000	65907000	NPC
chr1	65914000	65917000	NPC
chr1	65919000	65920000	NPC
chr1	65923000	65925000	NPC
chr1	65967000	65969000	NPC
chr1	65976000	65980000	NPC
chr1	65981000	65982000	NPC
chr1	65990000	65991000	NPC
chr1	65992000	65993000	NPC
chr1	66010000	66013000	NPC
chr1	66018000	66020000	NPC
chr1	66025000	66027000	NPC
chr1	69039000	69041000	ESC
chr1	69310000	69312000	ESC
chr1	72470000	72471000	ESC
chr1	72510000	72511000	ESC
chr1	72805000	72809000	ESC
chr1	74001000	74004000	ESC
chr1	74054000	74057000	ESC
chr1	74301000	74302000	ESC
chr1	74356000	74357000	ESC
chr1	75024000	75025000	ESC
chr1	75243000	75244000	ESC
chr1	75258000	75261000	ESC
chr1	75267000	75273000	ESC
chr1	75304000	75308000	ESC
chr1	75310000	75313000	ESC
chr1	75332000	75336000	ESC
chr1	75341000	75342000	ESC
chr1	75355000	75356000	ESC
chr1	75366000	75368000	ESC
chr1	75374000	75376000	ESC
chr1	76229000	76230000	NPC
chr1	76246000	76247000	NPC
chr1	76254000	76255000	NPC
chr1	76428000	76429000	NPC
chr1	76430000	76433000	NPC
chr1	76434000	76435000	NPC
chr1	76442000	76446000	NPC
chr1	76447000	76449000	NPC
chr1	76460000	76462000	NPC
chr1	76466000	76471000	NPC
chr1	76479000	76480000	NPC
chr1	76481000	76482000	NPC
chr1	76493000	76494000	NPC
chr1	76496000	76497000	NPC
chr1	76583000	76584000	NPC
chr1	76585000	76588000	NPC
chr1	76589000	76594000	NPC
chr1	76598000	76599000	NPC
chr1	76637000	76639000	NPC
chr1	76640000	76644000	NPC
chr1	76662000	76663000	NPC
chr1	76665000	76666000	NPC
chr1	76669000	76670000	NPC
chr1	76673000	76675000	NPC
chr1	76677000	76678000	NPC
chr1	76689000	76690000	NPC
chr1	76695000	76696000	NPC
chr1	76702000	76703000	NPC
chr1	76799000	76812000	NPC
chr1	76814000	76815000	NPC
chr1	76816000	76817000	NPC
chr1	76818000	76829000	NPC
chr1	76830000	76833000	NPC
chr1	76834000	76842000	NPC
chr1	76843000	76844000	NPC
chr1	76845000	76847000	NPC
chr1	76903000	76905000	NPC
chr1	76906000	76907000	NPC
chr1	76908000	76910000	NPC
chr1	77780000	77781000	NPC
chr1	77782000	77783000	NPC
chr1	77965000	77966000	NPC
chr1	77977000	77981000	NPC
chr1	77982000	77983000	NPC
chr1	77984000	77986000	NPC
chr1	78029000	78033000	NPC
chr1	79736000	79739000	ESC
chr1	80636000	80638000	ESC
chr1	82167000	82170000	ESC
chr1	83119000	83120000	NPC
chr1	83127000	83129000	NPC
chr1	83130000	83134000	NPC
chr1	83136000	83137000	NPC
chr1	83139000	83140000	NPC
chr1	83243000	83244000	NPC
chr1	83257000	83258000	NPC
chr1	83438000	83439000	NPC
chr1	83441000	83442000	NPC
chr1	83443000	83444000	NPC
chr1	83538000	83539000	NPC
chr1	83542000	83543000	NPC
chr1	83545000	83546000	NPC
chr1	83547000	83548000	NPC
chr1	83551000	83552000	NPC
chr1	83559000	83560000	NPC
chr1	83561000	83562000	NPC
chr1	83564000	83567000	NPC
chr1	83572000	83573000	NPC
chr1	87849000	87852000	ESC
chr1	87876000	87879000	ESC
chr1	88958000	88959000	ESC
chr1	89093000	89098000	ESC
chr1	89306000	89310000	ESC
chr1	89340000	89342000	ESC
chr1	91751000	91755000	ESC
chr1	91760000	91766000	ESC
chr1	91773000	91774000	ESC
chr1	91823000	91826000	ESC
chr1	92803000	92804000	ESC
chr1	92828000	92830000	ESC
chr1	93174000	93177000	ESC
chr1	93242000	93243000	ESC
chr1	93244000	93245000	ESC
chr1	93288000	93290000	ESC
chr1	93630000	93633000	ESC
chr1	94042000	94043000	ESC
chr1	94366000	94370000	NPC
chr1	94371000	94373000	NPC
chr1	94374000	94378000	NPC
chr1	94420000	94421000	NPC
chr1	94453000	94455000	NPC
chr1	94662000	94664000	ESC
chr1	94678000	94680000	ESC
chr1	94852000	94854000	ESC
chr1	94930000	94934000	ESC
chr1	95006000	95007000	ESC
chr1	95066000	95068000	ESC
chr1	95231000	95233000	ESC
chr1	96331000	96334000	NPC
chr1	97498000	97499000	ESC
chr1	102083000	102084000	NPC
chr1	102092000	102093000	NPC
chr1	105606000	105608000	NPC
chr1	105614000	105615000	NPC
chr1	105616000	105618000	NPC
chr1	105623000	105625000	NPC
chr1	105627000	105628000	NPC
chr1	105632000	105633000	NPC
chr1	105650000	105652000	NPC
chr1	105663000	105664000	NPC
chr1	105838000	105839000	NPC
chr1	105841000	105842000	NPC
chr1	105870000	105871000	NPC
chr1	105881000	105882000	NPC
chr1	105891000	105892000	NPC
chr1	105903000	105904000	NPC
chr1	105919000	105920000	NPC
chr1	105965000	105966000	NPC
chr1	106006000	106007000	NPC
chr1	106043000	106044000	NPC
chr1	106054000	106055000	NPC
chr1	106088000	106089000	NPC
chr1	106110000	106111000	NPC
chr1	106114000	106115000	NPC
chr1	106127000	106128000	NPC
chr1	106134000	106135000	NPC
chr1	106139000	106140000	NPC
chr1	106152000	106153000	NPC
chr1	106155000	106156000	NPC
chr1	106164000	106165000	NPC
chr1	106166000	106167000	NPC
chr1	106177000	106178000	NPC
chr1	106179000	106180000	NPC
chr1	106187000	106188000	NPC
chr1	106198000	106199000	NPC
chr1	106217000	106218000	NPC
chr1	106249000	106251000	NPC
chr1	106253000	106254000	NPC
chr1	106255000	106258000	NPC
chr1	106272000	106275000	NPC
chr1	106357000	106358000	NPC
chr1	106360000	106361000	NPC
chr1	106362000	106363000	NPC
chr1	106379000	106380000	NPC
chr1	106504000	106505000	NPC
chr1	106549000	106550000	NPC
chr1	106568000	106569000	NPC
chr1	106596000	106598000	ESC
chr1	106821000	106822000	ESC
chr1	108001000	108002000	ESC
chr1	108540000	108542000	ESC
chr1	109327000	109328000	NPC
chr1	109331000	109332000	NPC
chr1	109333000	109334000	NPC
chr1	109340000	109341000	NPC
chr1	109344000	109345000	NPC
chr1	109349000	109350000	NPC
chr1	109352000	109354000	NPC
chr1	109361000	109362000	NPC
chr1	109373000	109375000	NPC
chr1	109376000	109377000	NPC
chr1	111659000	111660000	NPC
chr1	111691000	111692000	NPC
chr1	111730000	111731000	NPC
chr1	111738000	111739000	NPC
chr1	111819000	111822000	NPC
chr1	111855000	111856000	NPC
chr1	111880000	111881000	NPC
chr1	111944000	111947000	NPC
chr1	111948000	111949000	NPC
chr1	111988000	111989000	NPC
chr1	112662000	112663000	NPC
chr1	112681000	112682000	NPC
chr1	112846000	112847000	NPC
chr1	112912000	112913000	NPC
chr1	112938000	112939000	NPC
chr1	112943000	112944000	NPC
chr1	112947000	112949000	NPC
chr1	112952000	112953000	NPC
chr1	112974000	112975000	NPC
chr1	112979000	112980000	NPC
chr1	113003000	113004000	NPC
chr1	113009000	113010000	NPC
chr1	113042000	113043000	NPC
chr1	113049000	113050000	NPC
chr1	113699000	113700000	NPC
chr1	113705000	113706000	NPC
chr1	113720000	113722000	NPC
chr1	113727000	113728000	NPC
chr1	113740000	113741000	NPC
chr1	113795000	113796000	NPC
chr1	113808000	113809000	NPC
chr1	113812000	113813000	NPC
chr1	113856000	113857000	NPC
chr1	113879000	113880000	NPC
chr1	113902000	113903000	NPC
chr1	115503000	115504000	NPC
chr1	115523000	115524000	NPC
chr1	115530000	115531000	NPC
chr1	118393000	118394000	NPC
chr1	118401000	118402000	NPC
chr1	121833000	121836000	ESC
chr1	121837000	121838000	ESC
chr1	122423000	122439000	ESC
chr1	122440000	122444000	ESC
chr1	123005000	123006000	ESC
chr1	123355000	123356000	ESC
chr1	127504000	127505000	ESC
chr1	127738000	127741000	ESC
chr1	128318000	128319000	ESC
chr1	128320000	128321000	ESC
chr1	129169000	129175000	NPC
chr1	129176000	129177000	NPC
chr1	129178000	129181000	NPC
chr1	129184000	129186000	NPC
chr1	129192000	129195000	NPC
chr1	131101000	131103000	ESC
chr1	131503000	131504000	NPC
chr1	131523000	131524000	NPC
chr1	131533000	131534000	NPC
chr1	134707000	134710000	ESC
chr1	134766000	134767000	ESC
chr1	135156000	135158000	ESC
chr1	135636000	135638000	ESC
chr1	135724000	135726000	ESC
chr1	136040000	136041000	ESC
chr1	136049000	136052000	ESC
chr1	136114000	136117000	ESC
chr1	136329000	136331000	ESC
chr1	136803000	136805000	ESC
chr1	136901000	136902000	ESC
chr1	137400000	137402000	ESC
chr1	137733000	137736000	ESC
chr1	137866000	137868000	ESC
chr1	137922000	137923000	ESC
chr1	140653000	140667000	ESC
chr1	146707000	146708000	NPC
chr1	146740000	146741000	NPC
chr1	146782000	146783000	NPC
chr1	146784000	146785000	NPC
chr1	146791000	146792000	NPC
chr1	148258000	148260000	ESC
chr1	149943000	149944000	NPC
chr1	149945000	149946000	NPC
chr1	150000000	150001000	NPC
chr1	150045000	150046000	NPC
chr1	150227000	150228000	NPC
chr1	150257000	150258000	NPC
chr1	150350000	150351000	NPC
chr1	150492000	150493000	NPC
chr1	150536000	150537000	NPC
chr1	150596000	150597000	NPC
chr1	150613000	150614000	NPC
chr1	150629000	150630000	NPC
chr1	150669000	150670000	NPC
chr1	150702000	150703000	NPC
chr1	150720000	150721000	NPC
chr1	150739000	150740000	NPC
chr1	150752000	150753000	NPC
chr1	150760000	150761000	NPC
chr1	151015000	151016000	NPC
chr1	151021000	151022000	NPC
chr1	151035000	151036000	NPC
chr1	151069000	151070000	NPC
chr1	151074000	151075000	NPC
chr1	151085000	151086000	NPC
chr1	151090000	151091000	NPC
chr1	151094000	151096000	NPC
chr1	151117000	151118000	NPC
chr1	151133000	151134000	NPC
chr1	153851000	153852000	ESC
chr1	154162000	154164000	ESC
chr1	154386000	154388000	ESC
chr1	155395000	155397000	NPC
chr1	155400000	155403000	NPC
chr1	155406000	155409000	NPC
chr1	155966000	155969000	ESC
chr1	156860000	156862000	ESC
chr1	157005000	157009000	ESC
chr1	158039000	158043000	ESC
chr1	158147000	158149000	ESC
chr1	160192000	160193000	ESC
chr1	160199000	160200000	ESC
chr1	161880000	161881000	ESC
chr1	165144000	165153000	ESC
chr1	166975000	166976000	ESC
chr1	166979000	166980000	ESC
chr1	167117000	167120000	ESC
chr1	167543000	167545000	ESC
chr1	167677000	167678000	ESC
chr1	167679000	167682000	ESC
chr1	167884000	167886000	ESC
chr1	168090000	168094000	ESC
chr1	168144000	168148000	ESC
chr1	168216000	168217000	ESC
chr1	168245000	168247000	ESC
chr1	168468000	168471000	NPC
chr1	168474000	168475000	NPC
chr1	168476000	168477000	NPC
chr1	168478000	168479000	NPC
chr1	168481000	168482000	NPC
chr1	168483000	168486000	NPC
chr1	168488000	168490000	NPC
chr1	169528000	169529000	ESC
chr1	169880000	169885000	NPC
chr1	172744000	172746000	ESC
chr1	173890000	173892000	ESC
chr1	174081000	174082000	ESC
chr1	174154000	174155000	ESC
chr1	174158000	174160000	ESC
chr1	174161000	174166000	ESC
chr1	174177000	174179000	ESC
chr1	174398000	174400000	ESC
chr1	175933000	175934000	NPC
chr1	175936000	175937000	NPC
chr1	175943000	175944000	NPC
chr1	175946000	175947000	NPC
chr1	175955000	175959000	NPC
chr1	177329000	177330000	ESC
chr1	179095000	179096000	ESC
chr1	179159000	179160000	ESC
chr1	180684000	180686000	ESC
chr1	180693000	180694000	ESC
chr1	180751000	180755000	ESC
chr1	182167000	182171000	ESC
chr1	182772000	182773000	ESC
chr1	183190000	183192000	ESC
chr1	184584000	184587000	ESC
chr1	186417000	186437000	ESC
chr1	186511000	186513000	ESC
chr1	186582000	186584000	ESC
chr1	188404000	188407000	ESC
chr1	189305000	189313000	ESC
chr1	189352000	189354000	ESC
chr1	191042000	191046000	ESC
chr1	191870000	191871000	ESC
chr1	191872000	191877000	ESC
chr1	192677000	192680000	ESC
chr1	192681000	192682000	ESC
chr1	192825000	192826000	ESC
chr1	192883000	192887000	ESC
chr1	193684000	193687000	ESC
chr1	193791000	193793000	ESC
chr1	194470000	194471000	ESC
chr1	194604000	194605000	NPC
chr1	194607000	194611000	NPC
chr1	194612000	194613000	NPC
chr1	194614000	194615000	NPC
chr1	194622000	194623000	NPC
chr1	194626000	194627000	NPC
chr1	194629000	194630000	NPC
chr1	194632000	194633000	NPC
chr1	194646000	194648000	NPC
chr1	194671000	194672000	NPC
chr1	194674000	194675000	NPC
chr1	194678000	194681000	NPC
chr1	194682000	194683000	NPC
chr1	194684000	194690000	NPC
chr1	194695000	194700000	NPC
chr1	194702000	194707000	NPC
chr1	194709000	194710000	NPC
chr1	194711000	194714000	NPC
chr1	194717000	194718000	NPC
chr1	194721000	194732000	NPC
chr1	194733000	194738000	NPC
chr1	196320000	196323000	ESC
chr1	196881000	196885000	NPC
chr1	196886000	196887000	NPC
chr1	196891000	196892000	NPC
chr1	196902000	196903000	NPC
chr10	4424000	4426000	ESC
chr10	4703000	4705000	NPC
chr10	5633000	5634000	ESC
chr10	6979000	6981000	ESC
chr10	7556000	7559000	ESC
chr10	8206000	8211000	ESC
chr10	10770000	10771000	ESC
chr10	12631000	12633000	ESC
chr10	12749000	12753000	ESC
chr10	12780000	12782000	ESC
chr10	13656000	13658000	ESC
chr10	13821000	13823000	ESC
chr10	18007000	18009000	ESC
chr10	18281000	18282000	ESC
chr10	19042000	19053000	ESC
chr10	19538000	19541000	ESC
chr10	19624000	19625000	ESC
chr10	20782000	20784000	ESC
chr10	22502000	22505000	ESC
chr10	22507000	22510000	ESC
chr10	22532000	22534000	ESC
chr10	23038000	23040000	ESC
chr10	23372000	23373000	NPC
chr10	23374000	23375000	NPC
chr10	23376000	23377000	NPC
chr10	23913000	23914000	ESC
chr10	24401000	24402000	ESC
chr10	28833000	28834000	ESC
chr10	28886000	28888000	ESC
chr10	30097000	30098000	NPC
chr10	30103000	30104000	NPC
chr10	30105000	30106000	NPC
chr10	30107000	30109000	NPC
chr10	30110000	30112000	NPC
chr10	30533000	30535000	ESC
chr10	31297000	31298000	ESC
chr10	31299000	31301000	ESC
chr10	33816000	33818000	ESC
chr10	36196000	36198000	ESC
chr10	38654000	38656000	ESC
chr10	39616000	39617000	ESC
chr10	39648000	39649000	ESC
chr10	39712000	39715000	ESC
chr10	40371000	40373000	ESC
chr10	40759000	40760000	ESC
chr10	41962000	41964000	ESC
chr10	42251000	42252000	ESC
chr10	42259000	42285000	ESC
chr10	42289000	42291000	ESC
chr10	42300000	42305000	ESC
chr10	42317000	42325000	ESC
chr10	42619000	42621000	ESC
chr10	42693000	42694000	ESC
chr10	42704000	42712000	ESC
chr10	42860000	42865000	ESC
chr10	43199000	43200000	ESC
chr10	43265000	43270000	ESC
chr10	43690000	43695000	ESC
chr10	44215000	44217000	ESC
chr10	45106000	45108000	NPC
chr10	45113000	45114000	NPC
chr10	45129000	45130000	NPC
chr10	45132000	45136000	NPC
chr10	45141000	45147000	NPC
chr10	45148000	45151000	NPC
chr10	45154000	45170000	NPC
chr10	45171000	45173000	NPC
chr10	46383000	46385000	NPC
chr10	46388000	46390000	NPC
chr10	47823000	47824000	NPC
chr10	50614000	50616000	NPC
chr10	50672000	50674000	NPC
chr10	50675000	50676000	NPC
chr10	50679000	50682000	NPC
chr10	50946000	50947000	NPC
chr10	50948000	50949000	NPC
chr10	50953000	50954000	NPC
chr10	50956000	50957000	NPC
chr10	50966000	50967000	NPC
chr10	50969000	50970000	NPC
chr10	50971000	50973000	NPC
chr10	51372000	51378000	NPC
chr10	51380000	51382000	NPC
chr10	51383000	51385000	NPC
chr10	51392000	51393000	NPC
chr10	51396000	51397000	NPC
chr10	51398000	51403000	NPC
chr10	51404000	51405000	NPC
chr10	51456000	51460000	NPC
chr10	52379000	52380000	ESC
chr10	53438000	53440000	ESC
chr10	57320000	57322000	ESC
chr10	57482000	57484000	ESC
chr10	58208000	58209000	ESC
chr10	58617000	58619000	ESC
chr10	59365000	59366000	ESC
chr10	59376000	59377000	ESC
chr10	59501000	59505000	ESC
chr10	59580000	59583000	ESC
chr10	59611000	59612000	ESC
chr10	59613000	59615000	ESC
chr10	60226000	60227000	ESC
chr10	60990000	60992000	ESC
chr10	61021000	61023000	ESC
chr10	61524000	61526000	ESC
chr10	62121000	62122000	ESC
chr10	62979000	62980000	ESC
chr10	63482000	63485000	ESC
chr10	66716000	66717000	ESC
chr10	66931000	66937000	ESC
chr10	68119000	68120000	ESC
chr10	68608000	68609000	ESC
chr10	70553000	70557000	ESC
chr10	70612000	70613000	ESC
chr10	74409000	74412000	ESC
chr10	74413000	74414000	ESC
chr10	74434000	74436000	ESC
chr10	74505000	74506000	ESC
chr10	74761000	74764000	ESC
chr10	74768000	74770000	ESC
chr10	75002000	75004000	ESC
chr10	76019000	76021000	ESC
chr10	77373000	77374000	ESC
chr10	77791000	77794000	ESC
chr10	77795000	77796000	ESC
chr10	77884000	77886000	ESC
chr10	77995000	77996000	ESC
chr10	78156000	78157000	ESC
chr10	79015000	79016000	ESC
chr10	79179000	79181000	ESC
chr10	79323000	79325000	ESC
chr10	79332000	79348000	NPC
chr10	79353000	79355000	NPC
chr10	79356000	79359000	NPC
chr10	79378000	79379000	ESC
chr10	79584000	79585000	ESC
chr10	79590000	79595000	ESC
chr10	79702000	79704000	ESC
chr10	79714000	79719000	ESC
chr10	79744000	79746000	ESC
chr10	80213000	80214000	ESC
chr10	80237000	80240000	ESC
chr10	80246000	80249000	ESC
chr10	80291000	80292000	ESC
chr10	80659000	80661000	ESC
chr10	80735000	80737000	ESC
chr10	80741000	80742000	ESC
chr10	80976000	80987000	ESC
chr10	80989000	80991000	ESC
chr10	81920000	81921000	NPC
chr10	81923000	81924000	NPC
chr10	81956000	81957000	NPC
chr10	82012000	82013000	NPC
chr10	82413000	82418000	ESC
chr10	82427000	82428000	ESC
chr10	82766000	82768000	ESC
chr10	84182000	84196000	ESC
chr10	84285000	84286000	ESC
chr10	84287000	84290000	ESC
chr10	84817000	84818000	ESC
chr10	86162000	86163000	ESC
chr10	86338000	86340000	ESC
chr10	86915000	86917000	ESC
chr10	86918000	86925000	ESC
chr10	87786000	87788000	ESC
chr10	88315000	88317000	ESC
chr10	90397000	90401000	ESC
chr10	91459000	91466000	NPC
chr10	91467000	91468000	NPC
chr10	91470000	91471000	NPC
chr10	91495000	91500000	NPC
chr10	91501000	91503000	NPC
chr10	91504000	91518000	NPC
chr10	91521000	91523000	NPC
chr10	91528000	91529000	NPC
chr10	92969000	92971000	ESC
chr10	93070000	93074000	ESC
chr10	93262000	93263000	ESC
chr10	93557000	93558000	NPC
chr10	93741000	93743000	ESC
chr10	93946000	93947000	ESC
chr10	94371000	94376000	ESC
chr10	99446000	99447000	ESC
chr10	102325000	102327000	NPC
chr10	102329000	102330000	NPC
chr10	102332000	102333000	NPC
chr10	102359000	102360000	NPC
chr10	102361000	102362000	NPC
chr10	102382000	102383000	NPC
chr10	102390000	102392000	NPC
chr10	102396000	102400000	NPC
chr10	102401000	102402000	NPC
chr10	102403000	102406000	NPC
chr10	102407000	102412000	NPC
chr10	102413000	102414000	NPC
chr10	102417000	102421000	NPC
chr10	102422000	102425000	NPC
chr10	102427000	102429000	NPC
chr10	102430000	102432000	NPC
chr10	102433000	102436000	NPC
chr10	102437000	102440000	NPC
chr10	102443000	102444000	NPC
chr10	102446000	102452000	NPC
chr10	102469000	102470000	NPC
chr10	102471000	102480000	NPC
chr10	102481000	102482000	NPC
chr10	102487000	102489000	NPC
chr10	102490000	102491000	NPC
chr10	102492000	102495000	NPC
chr10	102498000	102499000	NPC
chr10	102503000	102504000	NPC
chr10	102506000	102507000	NPC
chr10	102514000	102515000	NPC
chr10	102516000	102518000	NPC
chr10	102521000	102523000	NPC
chr10	102525000	102528000	NPC
chr10	102539000	102541000	NPC
chr10	102543000	102544000	NPC
chr10	102549000	102550000	NPC
chr10	102551000	102552000	NPC
chr10	102556000	102563000	NPC
chr10	102565000	102566000	NPC
chr10	102568000	102569000	NPC
chr10	102570000	102581000	NPC
chr10	102582000	102584000	NPC
chr10	102585000	102587000	NPC
chr10	102588000	102589000	NPC
chr10	102591000	102592000	NPC
chr10	102593000	102595000	NPC
chr10	102599000	102604000	NPC
chr10	102605000	102606000	NPC
chr10	102607000	102609000	NPC
chr10	102611000	102612000	NPC
chr10	102613000	102617000	NPC
chr10	102618000	102619000	NPC
chr10	102620000	102622000	NPC
chr10	102624000	102625000	NPC
chr10	102627000	102629000	NPC
chr10	102799000	102801000	NPC
chr10	102802000	102804000	NPC
chr10	102811000	102812000	NPC
chr10	102813000	102814000	NPC
chr10	106676000	106677000	ESC
chr10	109859000	109861000	ESC
chr10	111673000	111677000	ESC
chr10	113665000	113666000	NPC
chr10	113701000	113702000	NPC
chr10	114204000	114207000	ESC
chr10	114989000	114992000	ESC
chr10	115517000	115519000	ESC
chr10	115705000	115707000	ESC
chr10	115875000	115879000	ESC
chr10	116428000	116430000	ESC
chr10	116448000	116450000	ESC
chr10	117084000	117085000	ESC
chr10	117531000	117533000	ESC
chr10	119604000	119605000	ESC
chr10	119830000	119832000	ESC
chr10	119878000	119882000	ESC
chr10	119954000	119956000	ESC
chr10	120669000	120671000	ESC
chr10	120713000	120715000	ESC
chr10	121851000	121853000	ESC
chr10	122082000	122083000	ESC
chr10	122195000	122196000	ESC
chr10	122667000	122670000	ESC
chr10	123750000	123751000	NPC
chr10	123753000	123755000	NPC
chr10	123756000	123757000	NPC
chr10	124792000	124793000	ESC
chr10	126213000	126214000	ESC
chr10	126218000	126219000	ESC
chr10	126410000	126411000	ESC
chr10	126414000	126415000	ESC
chr10	126482000	126487000	ESC
chr10	126491000	126496000	ESC
chr10	126581000	126583000	ESC
chr10	126928000	126931000	ESC
chr10	127068000	127070000	ESC
chr10	127120000	127121000	ESC
chr10	127122000	127123000	ESC
chr10	127154000	127155000	ESC
chr10	128048000	128050000	ESC
chr10	128295000	128297000	ESC
chr10	128312000	128313000	ESC
chr10	128335000	128336000	ESC
chr10	128337000	128338000	ESC
chr10	128536000	128537000	NPC
chr10	128553000	128554000	NPC
chr10	128556000	128557000	NPC
chr10	128573000	128574000	NPC
chr10	128633000	128634000	NPC
chr10	128637000	128638000	NPC
chr10	128645000	128647000	NPC
chr10	128652000	128653000	NPC
chr10	128656000	128657000	NPC
chr10	128717000	128718000	NPC
chr10	128868000	128869000	NPC
chr10	129030000	129031000	NPC
chr10	129137000	129138000	NPC
chr10	129168000	129170000	NPC
chr10	129192000	129193000	NPC
chr10	129195000	129196000	NPC
chr10	129206000	129207000	NPC
chr11	3034000	3036000	ESC
chr11	3394000	3395000	ESC
chr11	3417000	3418000	ESC
chr11	3529000	3530000	ESC
chr11	3605000	3606000	ESC
chr11	3763000	3765000	ESC
chr11	3812000	3813000	ESC
chr11	3897000	3900000	ESC
chr11	4018000	4020000	ESC
chr11	4957000	4961000	ESC
chr11	4962000	4963000	ESC
chr11	5051000	5053000	ESC
chr11	5616000	5617000	ESC
chr11	5761000	5764000	ESC
chr11	5801000	5803000	ESC
chr11	5964000	5967000	ESC
chr11	6502000	6503000	ESC
chr11	6504000	6505000	ESC
chr11	6895000	6896000	ESC
chr11	6964000	6965000	ESC
chr11	7113000	7114000	ESC
chr11	10425000	10426000	NPC
chr11	10451000	10452000	NPC
chr11	10916000	10917000	NPC
chr11	10918000	10919000	NPC
chr11	10924000	10925000	NPC
chr11	11014000	11017000	ESC
chr11	11961000	11962000	NPC
chr11	11968000	11969000	NPC
chr11	11971000	11974000	NPC
chr11	12136000	12140000	NPC
chr11	12141000	12142000	NPC
chr11	12143000	12158000	NPC
chr11	12159000	12161000	NPC
chr11	12162000	12163000	NPC
chr11	12165000	12166000	NPC
chr11	12167000	12169000	NPC
chr11	12170000	12176000	NPC
chr11	12182000	12184000	NPC
chr11	12186000	12189000	NPC
chr11	12190000	12192000	NPC
chr11	12193000	12201000	NPC
chr11	12202000	12203000	NPC
chr11	12204000	12208000	NPC
chr11	12209000	12212000	NPC
chr11	12214000	12216000	NPC
chr11	12218000	12222000	NPC
chr11	12223000	12224000	NPC
chr11	12225000	12227000	NPC
chr11	12231000	12232000	NPC
chr11	12233000	12235000	NPC
chr11	12236000	12241000	NPC
chr11	12242000	12244000	NPC
chr11	12247000	12248000	NPC
chr11	12249000	12253000	NPC
chr11	12254000	12259000	NPC
chr11	12260000	12264000	NPC
chr11	12265000	12267000	NPC
chr11	12268000	12271000	NPC
chr11	12273000	12289000	NPC
chr11	12290000	12294000	NPC
chr11	12295000	12296000	NPC
chr11	12297000	12301000	NPC
chr11	12302000	12303000	NPC
chr11	12312000	12313000	NPC
chr11	12317000	12323000	NPC
chr11	12328000	12330000	NPC
chr11	12331000	12333000	NPC
chr11	12335000	12336000	NPC
chr11	12337000	12338000	NPC
chr11	12340000	12344000	NPC
chr11	12351000	12358000	NPC
chr11	12363000	12367000	NPC
chr11	12370000	12374000	NPC
chr11	15397000	15398000	NPC
chr11	15439000	15440000	NPC
chr11	15504000	15505000	NPC
chr11	15561000	15562000	NPC
chr11	15575000	15576000	NPC
chr11	15597000	15598000	NPC
chr11	15656000	15657000	NPC
chr11	15666000	15667000	NPC
chr11	15669000	15670000	NPC
chr11	15881000	15882000	NPC
chr11	15883000	15884000	NPC
chr11	15894000	15895000	NPC
chr11	16652000	16654000	ESC
chr11	18770000	18772000	ESC
chr11	18774000	18778000	ESC
chr11	18906000	18910000	ESC
chr11	18911000	18920000	ESC
chr11	18921000	18922000	ESC
chr11	18926000	18929000	ESC
chr11	21892000	21906000	ESC
chr11	23746000	23748000	ESC
chr11	23753000	23755000	ESC
chr11	23946000	23947000	ESC
chr11	24064000	24065000	ESC
chr11	25753000	25755000	NPC
chr11	25756000	25758000	NPC
chr11	25760000	25761000	NPC
chr11	25762000	25763000	NPC
chr11	26890000	26892000	NPC
chr11	28287000	28288000	NPC
chr11	28290000	28291000	NPC
chr11	28292000	28293000	NPC
chr11	28294000	28295000	NPC
chr11	28628000	28634000	NPC
chr11	28635000	28637000	NPC
chr11	28646000	28647000	NPC
chr11	28648000	28649000	NPC
chr11	28651000	28652000	NPC
chr11	28653000	28654000	NPC
chr11	29725000	29726000	ESC
chr11	29924000	29925000	ESC
chr11	31267000	31272000	ESC
chr11	31865000	31866000	ESC
chr11	32177000	32180000	ESC
chr11	32247000	32249000	ESC
chr11	33022000	33024000	ESC
chr11	33046000	33048000	ESC
chr11	33093000	33094000	ESC
chr11	33095000	33100000	ESC
chr11	33104000	33107000	ESC
chr11	33741000	33744000	ESC
chr11	35551000	35552000	ESC
chr11	35944000	35948000	NPC
chr11	37080000	37081000	ESC
chr11	41709000	41710000	NPC
chr11	41712000	41713000	NPC
chr11	41754000	41755000	NPC
chr11	41778000	41779000	NPC
chr11	41790000	41791000	NPC
chr11	43228000	43230000	ESC
chr11	43618000	43621000	ESC
chr11	43678000	43680000	ESC
chr11	44454000	44465000	ESC
chr11	49013000	49014000	ESC
chr11	49478000	49479000	ESC
chr11	49867000	49868000	ESC
chr11	49869000	49871000	ESC
chr11	50702000	50704000	ESC
chr11	50773000	50775000	ESC
chr11	53300000	53303000	ESC
chr11	53305000	53315000	ESC
chr11	53316000	53317000	ESC
chr11	53320000	53326000	ESC
chr11	53329000	53331000	ESC
chr11	53471000	53472000	ESC
chr11	53476000	53480000	ESC
chr11	53702000	53703000	ESC
chr11	53871000	53873000	ESC
chr11	53911000	53915000	ESC
chr11	53961000	53964000	NPC
chr11	53965000	53971000	NPC
chr11	53972000	53973000	NPC
chr11	55158000	55159000	ESC
chr11	57643000	57654000	ESC
chr11	57790000	57791000	ESC
chr11	58133000	58134000	ESC
chr11	58950000	58956000	ESC
chr11	58991000	58995000	ESC
chr11	59780000	59781000	ESC
chr11	59954000	59956000	ESC
chr11	60004000	60005000	ESC
chr11	60840000	60842000	ESC
chr11	60925000	60926000	ESC
chr11	60963000	60964000	ESC
chr11	61157000	61159000	ESC
chr11	61193000	61195000	ESC
chr11	61265000	61267000	ESC
chr11	61299000	61300000	ESC
chr11	61528000	61529000	ESC
chr11	62376000	62378000	ESC
chr11	62947000	62950000	ESC
chr11	63735000	63736000	ESC
chr11	63739000	63740000	ESC
chr11	64530000	64535000	NPC
chr11	65396000	65397000	NPC
chr11	66909000	66911000	ESC
chr11	68199000	68204000	ESC
chr11	68770000	68772000	ESC
chr11	69051000	69054000	ESC
chr11	69143000	69145000	ESC
chr11	69150000	69151000	ESC
chr11	69155000	69158000	ESC
chr11	69161000	69164000	ESC
chr11	69174000	69176000	ESC
chr11	69182000	69185000	ESC
chr11	69375000	69376000	ESC
chr11	69418000	69422000	ESC
chr11	69649000	69652000	ESC
chr11	69873000	69874000	ESC
chr11	70030000	70033000	ESC
chr11	70070000	70072000	ESC
chr11	70137000	70139000	ESC
chr11	70274000	70277000	ESC
chr11	70980000	70982000	NPC
chr11	71314000	71316000	ESC
chr11	71566000	71569000	ESC
chr11	71845000	71846000	ESC
chr11	71866000	71870000	ESC
chr11	71951000	71952000	ESC
chr11	72081000	72083000	ESC
chr11	72304000	72306000	ESC
chr11	72777000	72778000	ESC
chr11	72974000	72976000	ESC
chr11	73146000	73147000	ESC
chr11	73166000	73167000	NPC
chr11	73172000	73173000	NPC
chr11	73187000	73188000	NPC
chr11	73189000	73191000	NPC
chr11	73192000	73193000	NPC
chr11	73207000	73209000	NPC
chr11	73663000	73664000	NPC
chr11	73734000	73735000	NPC
chr11	73742000	73743000	NPC
chr11	73755000	73756000	NPC
chr11	74167000	74172000	NPC
chr11	74455000	74456000	ESC
chr11	74981000	74985000	ESC
chr11	74987000	74989000	ESC
chr11	75066000	75067000	ESC
chr11	75076000	75077000	ESC
chr11	75097000	75098000	ESC
chr11	75109000	75110000	ESC
chr11	75261000	75262000	ESC
chr11	75269000	75271000	ESC
chr11	75610000	75614000	ESC
chr11	75816000	75817000	ESC
chr11	75841000	75845000	ESC
chr11	76482000	76485000	ESC
chr11	76487000	76491000	ESC
chr11	76661000	76663000	ESC
chr11	77277000	77280000	ESC
chr11	77282000	77291000	ESC
chr11	77305000	77307000	ESC
chr11	77330000	77334000	ESC
chr11	77747000	77749000	ESC
chr11	77757000	77759000	ESC
chr11	77761000	77770000	ESC
chr11	77771000	77777000	ESC
chr11	78303000	78308000	ESC
chr11	78312000	78314000	ESC
chr11	78623000	78624000	ESC
chr11	78741000	78742000	ESC
chr11	79526000	79530000	ESC
chr11	79970000	79972000	ESC
chr11	80112000	80113000	ESC
chr11	80117000	80118000	ESC
chr11	80294000	80296000	ESC
chr11	80493000	80494000	NPC
chr11	80496000	80498000	NPC
chr11	80499000	80501000	NPC
chr11	80508000	80527000	NPC
chr11	80528000	80529000	NPC
chr11	80530000	80537000	NPC
chr11	80539000	80544000	NPC
chr11	80545000	80548000	NPC
chr11	80549000	80550000	NPC
chr11	80574000	80578000	NPC
chr11	80593000	80597000	NPC
chr11	82204000	82205000	ESC
chr11	82208000	82210000	ESC
chr11	82250000	82251000	ESC
chr11	83057000	83058000	NPC
chr11	83059000	83061000	NPC
chr11	83074000	83076000	NPC
chr11	83225000	83226000	ESC
chr11	83232000	83233000	ESC
chr11	83234000	83236000	ESC
chr11	84332000	84347000	ESC
chr11	85642000	85663000	ESC
chr11	85692000	85693000	ESC
chr11	85702000	85714000	ESC
chr11	85740000	85742000	ESC
chr11	87174000	87175000	ESC
chr11	87433000	87435000	ESC
chr11	87612000	87613000	ESC
chr11	87912000	87918000	ESC
chr11	88008000	88011000	ESC
chr11	88016000	88017000	ESC
chr11	89663000	89665000	NPC
chr11	90203000	90205000	ESC
chr11	90210000	90211000	ESC
chr11	90233000	90236000	ESC
chr11	94063000	94064000	ESC
chr11	94256000	94257000	ESC
chr11	94287000	94289000	ESC
chr11	94312000	94314000	ESC
chr11	94690000	94693000	ESC
chr11	94694000	94700000	ESC
chr11	94750000	94751000	ESC
chr11	94760000	94762000	ESC
chr11	94824000	94827000	ESC
chr11	94831000	94832000	ESC
chr11	94833000	94838000	ESC
chr11	94958000	94961000	ESC
chr11	94966000	94967000	ESC
chr11	95039000	95040000	ESC
chr11	95058000	95059000	ESC
chr11	95612000	95613000	ESC
chr11	95645000	95648000	ESC
chr11	95798000	95799000	NPC
chr11	95803000	95807000	NPC
chr11	95808000	95837000	NPC
chr11	95919000	95924000	NPC
chr11	95927000	95929000	NPC
chr11	95930000	95931000	NPC
chr11	95936000	95938000	NPC
chr11	95939000	95943000	NPC
chr11	95944000	95945000	NPC
chr11	95946000	95950000	NPC
chr11	96376000	96378000	NPC
chr11	96379000	96380000	NPC
chr11	96381000	96384000	NPC
chr11	96393000	96405000	NPC
chr11	96406000	96420000	NPC
chr11	96431000	96446000	NPC
chr11	96953000	96957000	ESC
chr11	97316000	97317000	ESC
chr11	97351000	97352000	ESC
chr11	98154000	98156000	ESC
chr11	98160000	98161000	ESC
chr11	98162000	98167000	ESC
chr11	98199000	98205000	ESC
chr11	98337000	98345000	NPC
chr11	98415000	98416000	ESC
chr11	98660000	98661000	ESC
chr11	98856000	98859000	ESC
chr11	98958000	98959000	ESC
chr11	99260000	99267000	NPC
chr11	99415000	99416000	NPC
chr11	99417000	99418000	NPC
chr11	99423000	99425000	NPC
chr11	99438000	99440000	NPC
chr11	100456000	100458000	ESC
chr11	100565000	100566000	ESC
chr11	100665000	100667000	ESC
chr11	100677000	100678000	ESC
chr11	100774000	100776000	ESC
chr11	100786000	100787000	ESC
chr11	100789000	100790000	ESC
chr11	100894000	100898000	ESC
chr11	100956000	100957000	ESC
chr11	100980000	100987000	ESC
chr11	100990000	100994000	ESC
chr11	101078000	101082000	ESC
chr11	101841000	101843000	ESC
chr11	101904000	101905000	ESC
chr11	101961000	101965000	ESC
chr11	102173000	102175000	ESC
chr11	102254000	102258000	ESC
chr11	102261000	102263000	ESC
chr11	102421000	102423000	ESC
chr11	102479000	102480000	ESC
chr11	102481000	102483000	ESC
chr11	102557000	102558000	ESC
chr11	102709000	102714000	ESC
chr11	102759000	102760000	ESC
chr11	102806000	102807000	ESC
chr11	103008000	103009000	ESC
chr11	103034000	103035000	ESC
chr11	103546000	103547000	ESC
chr11	103585000	103595000	ESC
chr11	103608000	103609000	ESC
chr11	103610000	103615000	ESC
chr11	103616000	103620000	ESC
chr11	103623000	103633000	ESC
chr11	104047000	104052000	ESC
chr11	104473000	104475000	ESC
chr11	104981000	104982000	ESC
chr11	105107000	105111000	ESC
chr11	105975000	105976000	ESC
chr11	106192000	106193000	ESC
chr11	107602000	107603000	ESC
chr11	107607000	107612000	ESC
chr11	107730000	107732000	ESC
chr11	108708000	108709000	ESC
chr11	108738000	108740000	ESC
chr11	109256000	109257000	ESC
chr11	109537000	109539000	ESC
chr11	112596000	112603000	ESC
chr11	112683000	112687000	ESC
chr11	112688000	112690000	ESC
chr11	112773000	112779000	ESC
chr11	113435000	113438000	ESC
chr11	113644000	113646000	ESC
chr11	113878000	113884000	ESC
chr11	114576000	114578000	ESC
chr11	114581000	114583000	ESC
chr11	114600000	114610000	ESC
chr11	114665000	114667000	ESC
chr11	115071000	115074000	ESC
chr11	115082000	115084000	ESC
chr11	115132000	115133000	ESC
chr11	115134000	115141000	ESC
chr11	115150000	115151000	ESC
chr11	115160000	115161000	ESC
chr11	115172000	115173000	ESC
chr11	115182000	115184000	ESC
chr11	115190000	115191000	ESC
chr11	115674000	115675000	ESC
chr11	115924000	115928000	ESC
chr11	115945000	115947000	ESC
chr11	116037000	116041000	ESC
chr11	116048000	116050000	ESC
chr11	116053000	116055000	ESC
chr11	116096000	116101000	ESC
chr11	116149000	116152000	ESC
chr11	116229000	116231000	ESC
chr11	116346000	116351000	ESC
chr11	116469000	116472000	ESC
chr11	117282000	117292000	NPC
chr11	117676000	117678000	ESC
chr11	118063000	118064000	ESC
chr11	118171000	118172000	ESC
chr11	118815000	118817000	ESC
chr11	118846000	118847000	ESC
chr11	118850000	118879000	ESC
chr11	118880000	118884000	ESC
chr11	118894000	118911000	ESC
chr11	118970000	118972000	ESC
chr11	119206000	119208000	ESC
chr11	119359000	119368000	ESC
chr11	119370000	119371000	ESC
chr11	119826000	119829000	ESC
chr11	119833000	119836000	ESC
chr11	119862000	119866000	ESC
chr11	120001000	120005000	ESC
chr11	120049000	120054000	ESC
chr11	120461000	120464000	ESC
chr11	120971000	120975000	ESC
chr11	121518000	121521000	ESC
chr11	121645000	121647000	ESC
chr12	3365000	3368000	ESC
chr12	3805000	3806000	ESC
chr12	3808000	3809000	ESC
chr12	4036000	4037000	ESC
chr12	4038000	4039000	ESC
chr12	4134000	4135000	ESC
chr12	4895000	4896000	ESC
chr12	4897000	4900000	ESC
chr12	5400000	5402000	ESC
chr12	8319000	8320000	ESC
chr12	8323000	8329000	ESC
chr12	9599000	9611000	ESC
chr12	10717000	10718000	NPC
chr12	12505000	12507000	NPC
chr12	12510000	12511000	NPC
chr12	12512000	12530000	NPC
chr12	12531000	12532000	NPC
chr12	12533000	12534000	NPC
chr12	14174000	14179000	ESC
chr12	15841000	15842000	ESC
chr12	16677000	16682000	ESC
chr12	16836000	16837000	ESC
chr12	17036000	17037000	ESC
chr12	17198000	17203000	ESC
chr12	17348000	17350000	ESC
chr12	17716000	17719000	ESC
chr12	25687000	25691000	ESC
chr12	25746000	25748000	ESC
chr12	25778000	25779000	ESC
chr12	25851000	25856000	ESC
chr12	27000000	27002000	ESC
chr12	27897000	27898000	ESC
chr12	27925000	27929000	ESC
chr12	29137000	29139000	ESC
chr12	31360000	31361000	NPC
chr12	31367000	31368000	NPC
chr12	31373000	31374000	NPC
chr12	31375000	31377000	NPC
chr12	31381000	31382000	NPC
chr12	31400000	31401000	NPC
chr12	31403000	31405000	NPC
chr12	31422000	31423000	NPC
chr12	31852000	31853000	ESC
chr12	34514000	34515000	ESC
chr12	34540000	34545000	ESC
chr12	34548000	34550000	ESC
chr12	34551000	34557000	ESC
chr12	36404000	36406000	ESC
chr12	37618000	37620000	ESC
chr12	40644000	40645000	ESC
chr12	45091000	45092000	ESC
chr12	45199000	45202000	ESC
chr12	45799000	45801000	NPC
chr12	45802000	45803000	NPC
chr12	45858000	45859000	NPC
chr12	45880000	45887000	NPC
chr12	45944000	45945000	ESC
chr12	47274000	47276000	ESC
chr12	50285000	50289000	NPC
chr12	50290000	50293000	NPC
chr12	50295000	50300000	NPC
chr12	50302000	50303000	NPC
chr12	50309000	50310000	NPC
chr12	50321000	50322000	NPC
chr12	50624000	50625000	NPC
chr12	50628000	50630000	NPC
chr12	50632000	50638000	NPC
chr12	50762000	50764000	NPC
chr12	50766000	50767000	NPC
chr12	50777000	50778000	NPC
chr12	50783000	50784000	NPC
chr12	50794000	50795000	NPC
chr12	50801000	50802000	NPC
chr12	51022000	51023000	NPC
chr12	51029000	51031000	NPC
chr12	51033000	51035000	NPC
chr12	51036000	51037000	NPC
chr12	51041000	51042000	NPC
chr12	51044000	51045000	NPC
chr12	51048000	51049000	NPC
chr12	51058000	51062000	NPC
chr12	51067000	51068000	NPC
chr12	51070000	51071000	NPC
chr12	51072000	51074000	NPC
chr12	51080000	51081000	NPC
chr12	51143000	51148000	NPC
chr12	51149000	51150000	NPC
chr12	51152000	51153000	NPC
chr12	51570000	51571000	ESC
chr12	54167000	54174000	ESC
chr12	54175000	54176000	ESC
chr12	54984000	54985000	ESC
chr12	54986000	54987000	ESC
chr12	54988000	54993000	ESC
chr12	55902000	55904000	ESC
chr12	56518000	56520000	ESC
chr12	57220000	57221000	ESC
chr12	57367000	57370000	NPC
chr12	57528000	57534000	ESC
chr12	57599000	57600000	ESC
chr12	57604000	57619000	ESC
chr12	58114000	58117000	ESC
chr12	58452000	58472000	ESC
chr12	58490000	58491000	ESC
chr12	58492000	58495000	ESC
chr12	59128000	59132000	ESC
chr12	59185000	59188000	ESC
chr12	68138000	68142000	ESC
chr12	70336000	70338000	ESC
chr12	70371000	70372000	ESC
chr12	70686000	70687000	ESC
chr12	70708000	70710000	ESC
chr12	70961000	70962000	ESC
chr12	71029000	71031000	ESC
chr12	71143000	71147000	ESC
chr12	71264000	71266000	ESC
chr12	72235000	72238000	ESC
chr12	72696000	72697000	ESC
chr12	73222000	73224000	ESC
chr12	73326000	73328000	ESC
chr12	73795000	73796000	NPC
chr12	73797000	73798000	NPC
chr12	73800000	73804000	NPC
chr12	73807000	73810000	NPC
chr12	73812000	73814000	NPC
chr12	73818000	73819000	NPC
chr12	73821000	73825000	NPC
chr12	73828000	73832000	NPC
chr12	73954000	73955000	ESC
chr12	73958000	73961000	ESC
chr12	73962000	73966000	ESC
chr12	73967000	73973000	ESC
chr12	74502000	74505000	ESC
chr12	74916000	74917000	ESC
chr12	75202000	75204000	ESC
chr12	76096000	76097000	ESC
chr12	76227000	76228000	ESC
chr12	76305000	76308000	ESC
chr12	76653000	76655000	ESC
chr12	76736000	76739000	ESC
chr12	76747000	76748000	ESC
chr12	77014000	77015000	ESC
chr12	77069000	77070000	ESC
chr12	77072000	77073000	ESC
chr12	77323000	77327000	ESC
chr12	77335000	77338000	ESC
chr12	77353000	77355000	ESC
chr12	77518000	77519000	ESC
chr12	77522000	77523000	ESC
chr12	77525000	77526000	ESC
chr12	79825000	79826000	ESC
chr12	80926000	80928000	ESC
chr12	80930000	80937000	ESC
chr12	80939000	80940000	ESC
chr12	80941000	80946000	ESC
chr12	81434000	81443000	ESC
chr12	81449000	81451000	ESC
chr12	81494000	81495000	ESC
chr12	81610000	81615000	ESC
chr12	81623000	81626000	ESC
chr12	81675000	81679000	ESC
chr12	81915000	81916000	ESC
chr12	81917000	81918000	ESC
chr12	82251000	82253000	ESC
chr12	82551000	82553000	ESC
chr12	82554000	82555000	ESC
chr12	82579000	82580000	ESC
chr12	84233000	84235000	ESC
chr12	84301000	84303000	ESC
chr12	84373000	84377000	ESC
chr12	84653000	84654000	ESC
chr12	84662000	84663000	ESC
chr12	84665000	84668000	ESC
chr12	84942000	84944000	ESC
chr12	84957000	84962000	ESC
chr12	84991000	84992000	ESC
chr12	85459000	85464000	ESC
chr12	85533000	85534000	ESC
chr12	85538000	85541000	ESC
chr12	85557000	85558000	ESC
chr12	85571000	85572000	ESC
chr12	86038000	86041000	ESC
chr12	86064000	86067000	ESC
chr12	86363000	86365000	ESC
chr12	86449000	86450000	ESC
chr12	86488000	86489000	ESC
chr12	86586000	86588000	ESC
chr12	86593000	86595000	ESC
chr12	86597000	86598000	ESC
chr12	86636000	86637000	ESC
chr12	86966000	86969000	ESC
chr12	87032000	87033000	ESC
chr12	87104000	87106000	ESC
chr12	87109000	87111000	ESC
chr12	87226000	87228000	ESC
chr12	87237000	87238000	ESC
chr12	87251000	87252000	ESC
chr12	87257000	87259000	ESC
chr12	87265000	87266000	ESC
chr12	87289000	87291000	ESC
chr12	87310000	87314000	ESC
chr12	87431000	87432000	ESC
chr12	87461000	87462000	ESC
chr12	87471000	87472000	ESC
chr12	87489000	87490000	ESC
chr12	87987000	87988000	ESC
chr12	87989000	87994000	ESC
chr12	91806000	91807000	ESC
chr12	96087000	96092000	ESC
chr12	98972000	98973000	ESC
chr12	98974000	98977000	ESC
chr12	98978000	98980000	ESC
chr12	99696000	99707000	ESC
chr12	100028000	100031000	ESC
chr12	100365000	100371000	ESC
chr12	100678000	100679000	ESC
chr12	101298000	101301000	ESC
chr12	101308000	101311000	ESC
chr12	102105000	102106000	NPC
chr12	102109000	102110000	NPC
chr12	102218000	102219000	ESC
chr12	102220000	102222000	ESC
chr12	102530000	102531000	ESC
chr12	102689000	102690000	ESC
chr12	102790000	102791000	ESC
chr12	103350000	103351000	ESC
chr12	103641000	103643000	ESC
chr12	103644000	103645000	ESC
chr12	103725000	103727000	ESC
chr12	103764000	103765000	ESC
chr12	104867000	104868000	ESC
chr12	104870000	104879000	ESC
chr12	104913000	104915000	ESC
chr12	105462000	105463000	ESC
chr12	105489000	105494000	ESC
chr12	105854000	105856000	ESC
chr12	105963000	105964000	ESC
chr12	106276000	106279000	ESC
chr12	106285000	106287000	ESC
chr12	106337000	106338000	ESC
chr12	106363000	106365000	ESC
chr12	106375000	106376000	ESC
chr12	106578000	106579000	ESC
chr12	106581000	106582000	ESC
chr12	106585000	106586000	ESC
chr12	106590000	106591000	ESC
chr12	106850000	106851000	ESC
chr12	106857000	106858000	ESC
chr12	108347000	108348000	ESC
chr12	108362000	108367000	ESC
chr12	108414000	108416000	ESC
chr12	108417000	108418000	ESC
chr12	108419000	108422000	ESC
chr12	108423000	108430000	ESC
chr12	108443000	108444000	ESC
chr12	108448000	108449000	ESC
chr12	108450000	108454000	ESC
chr12	108459000	108461000	ESC
chr12	108753000	108757000	ESC
chr12	108765000	108768000	ESC
chr12	108774000	108778000	ESC
chr12	108799000	108804000	ESC
chr12	108884000	108886000	ESC
chr12	108951000	108953000	ESC
chr12	109302000	109303000	ESC
chr12	109480000	109483000	ESC
chr12	109499000	109500000	ESC
chr12	109858000	109859000	ESC
chr12	109860000	109865000	ESC
chr12	109882000	109883000	ESC
chr12	109900000	109903000	ESC
chr12	109905000	109908000	ESC
chr12	109918000	109919000	ESC
chr12	110414000	110415000	ESC
chr12	110635000	110637000	ESC
chr12	110722000	110731000	ESC
chr12	111425000	111426000	ESC
chr12	111591000	111595000	ESC
chr12	111717000	111725000	ESC
chr12	111852000	111860000	ESC
chr12	111866000	111872000	ESC
chr12	111873000	111880000	ESC
chr12	111888000	111897000	ESC
chr12	111898000	111900000	ESC
chr12	111932000	111935000	ESC
chr12	112119000	112122000	ESC
chr12	112201000	112202000	ESC
chr12	112203000	112204000	ESC
chr12	113068000	113070000	ESC
chr12	113128000	113129000	ESC
chr12	113142000	113143000	ESC
chr12	113147000	113148000	ESC
chr12	113317000	113320000	ESC
chr12	113321000	113323000	ESC
chr12	113326000	113327000	ESC
chr12	113397000	113398000	ESC
chr12	113634000	113638000	ESC
chr12	117593000	117599000	ESC
chr12	117600000	117604000	ESC
chr12	117609000	117610000	ESC
chr12	117615000	117616000	ESC
chr12	117674000	117677000	ESC
chr12	117678000	117682000	ESC
chr12	117690000	117691000	ESC
chr12	117704000	117706000	ESC
chr12	117711000	117713000	ESC
chr12	118973000	118975000	ESC
chr12	119303000	119306000	NPC
chr12	119682000	119683000	ESC
chr13	4148000	4152000	NPC
chr13	4159000	4160000	NPC
chr13	4161000	4162000	NPC
chr13	4169000	4170000	NPC
chr13	4230000	4231000	NPC
chr13	9222000	9223000	ESC
chr13	10358000	10361000	ESC
chr13	12573000	12577000	ESC
chr13	15802000	15803000	ESC
chr13	15808000	15809000	ESC
chr13	18956000	18957000	ESC
chr13	19630000	19632000	ESC
chr13	21988000	21991000	ESC
chr13	22005000	22006000	ESC
chr13	23320000	23321000	ESC
chr13	23941000	23943000	ESC
chr13	24646000	24647000	ESC
chr13	25062000	25064000	ESC
chr13	27966000	27968000	NPC
chr13	28892000	28896000	ESC
chr13	28966000	28968000	ESC
chr13	30755000	30759000	ESC
chr13	31631000	31632000	ESC
chr13	31636000	31638000	ESC
chr13	31803000	31804000	ESC
chr13	31805000	31806000	ESC
chr13	31808000	31817000	ESC
chr13	31818000	31825000	ESC
chr13	32013000	32015000	NPC
chr13	32018000	32021000	NPC
chr13	34350000	34352000	ESC
chr13	34656000	34660000	ESC
chr13	34661000	34662000	ESC
chr13	34753000	34756000	ESC
chr13	34924000	34925000	ESC
chr13	34971000	34972000	ESC
chr13	35975000	35977000	ESC
chr13	36730000	36740000	ESC
chr13	36741000	36743000	ESC
chr13	37784000	37788000	ESC
chr13	37807000	37808000	ESC
chr13	37969000	37970000	ESC
chr13	39245000	39246000	NPC
chr13	39247000	39248000	NPC
chr13	39250000	39251000	NPC
chr13	39616000	39618000	NPC
chr13	39619000	39623000	NPC
chr13	39625000	39629000	NPC
chr13	40747000	40748000	ESC
chr13	41830000	41831000	ESC
chr13	42312000	42314000	ESC
chr13	42721000	42722000	ESC
chr13	42926000	42928000	ESC
chr13	43795000	43797000	ESC
chr13	45089000	45090000	ESC
chr13	45974000	45977000	ESC
chr13	46430000	46431000	ESC
chr13	46513000	46514000	ESC
chr13	48274000	48275000	ESC
chr13	48638000	48639000	ESC
chr13	48669000	48682000	ESC
chr13	48742000	48746000	ESC
chr13	48794000	48795000	ESC
chr13	49157000	49160000	ESC
chr13	49227000	49228000	ESC
chr13	49259000	49260000	ESC
chr13	49275000	49276000	ESC
chr13	49279000	49280000	ESC
chr13	51419000	51423000	ESC
chr13	51578000	51582000	ESC
chr13	51855000	51856000	ESC
chr13	51859000	51861000	ESC
chr13	51987000	51988000	ESC
chr13	52990000	52992000	ESC
chr13	52993000	52994000	ESC
chr13	53472000	53473000	ESC
chr13	54170000	54172000	ESC
chr13	54201000	54202000	ESC
chr13	54745000	54750000	ESC
chr13	54756000	54759000	ESC
chr13	54998000	54999000	ESC
chr13	55000000	55001000	ESC
chr13	55002000	55003000	ESC
chr13	55006000	55007000	ESC
chr13	55015000	55017000	ESC
chr13	55163000	55164000	ESC
chr13	55424000	55425000	ESC
chr13	55430000	55431000	ESC
chr13	55480000	55482000	ESC
chr13	56075000	56076000	ESC
chr13	56224000	56225000	ESC
chr13	56231000	56238000	ESC
chr13	56448000	56449000	ESC
chr13	56618000	56620000	ESC
chr13	56691000	56694000	ESC
chr13	56758000	56765000	ESC
chr13	56775000	56776000	ESC
chr13	57918000	57920000	ESC
chr13	58041000	58043000	ESC
chr13	58121000	58125000	ESC
chr13	58283000	58284000	ESC
chr13	58462000	58464000	ESC
chr13	58532000	58533000	ESC
chr13	58816000	58820000	ESC
chr13	59447000	59449000	ESC
chr13	60182000	60183000	ESC
chr13	60185000	60186000	ESC
chr13	62897000	62898000	ESC
chr13	63581000	63585000	ESC
chr13	65273000	65275000	ESC
chr13	69954000	69956000	ESC
chr13	70170000	70172000	ESC
chr13	70202000	70208000	ESC
chr13	71308000	71310000	ESC
chr13	72419000	72432000	ESC
chr13	73089000	73108000	ESC
chr13	73285000	73287000	ESC
chr13	73726000	73739000	ESC
chr13	74312000	74313000	ESC
chr13	74631000	74634000	ESC
chr13	74723000	74724000	ESC
chr13	74725000	74728000	ESC
chr13	76520000	76524000	ESC
chr13	78635000	78636000	ESC
chr13	78641000	78647000	ESC
chr13	78650000	78652000	ESC
chr13	78653000	78654000	ESC
chr13	78656000	78662000	ESC
chr13	78663000	78669000	ESC
chr13	78671000	78676000	ESC
chr13	81426000	81427000	ESC
chr13	83995000	83996000	ESC
chr13	84188000	84191000	ESC
chr13	84193000	84197000	ESC
chr13	84199000	84202000	ESC
chr13	84203000	84204000	ESC
chr13	84211000	84212000	ESC
chr13	84816000	84817000	ESC
chr13	84818000	84821000	ESC
chr13	87304000	87305000	NPC
chr13	87337000	87338000	NPC
chr13	87470000	87471000	NPC
chr13	87514000	87515000	NPC
chr13	89295000	89298000	ESC
chr13	92215000	92216000	ESC
chr13	93231000	93233000	ESC
chr13	93895000	93897000	ESC
chr13	94773000	94776000	ESC
chr13	95274000	95276000	ESC
chr13	95675000	95678000	ESC
chr13	95695000	95698000	ESC
chr13	95781000	95782000	ESC
chr13	95803000	95805000	ESC
chr13	95808000	95811000	ESC
chr13	96349000	96351000	ESC
chr13	96544000	96546000	ESC
chr13	96699000	96700000	ESC
chr13	96704000	96705000	ESC
chr13	97231000	97235000	ESC
chr13	98025000	98026000	ESC
chr13	98172000	98174000	NPC
chr13	99454000	99455000	ESC
chr13	99466000	99467000	ESC
chr13	99489000	99493000	ESC
chr13	99601000	99605000	ESC
chr13	99672000	99675000	ESC
chr13	99794000	99796000	ESC
chr13	100095000	100096000	ESC
chr13	100329000	100330000	ESC
chr13	101208000	101209000	ESC
chr13	104694000	104695000	ESC
chr13	104712000	104713000	ESC
chr13	106174000	106176000	ESC
chr13	106745000	106746000	NPC
chr13	106751000	106752000	NPC
chr13	106769000	106770000	NPC
chr13	106774000	106775000	NPC
chr13	106791000	106792000	NPC
chr13	106801000	106804000	NPC
chr13	106805000	106806000	NPC
chr13	106872000	106873000	NPC
chr13	106923000	106924000	NPC
chr13	106930000	106931000	NPC
chr13	106981000	106982000	NPC
chr13	106985000	106986000	NPC
chr13	107001000	107002000	NPC
chr13	107005000	107007000	NPC
chr13	107011000	107012000	NPC
chr13	107048000	107049000	NPC
chr13	107058000	107059000	NPC
chr13	107124000	107125000	NPC
chr13	107141000	107142000	NPC
chr13	107148000	107149000	NPC
chr13	107151000	107152000	NPC
chr13	107163000	107164000	NPC
chr13	107206000	107208000	NPC
chr13	107210000	107211000	NPC
chr13	107228000	107229000	NPC
chr13	108765000	108767000	ESC
chr13	110238000	110239000	ESC
chr13	110328000	110330000	ESC
chr13	111127000	111129000	ESC
chr13	113772000	113774000	ESC
chr13	114108000	114111000	ESC
chr13	114413000	114414000	ESC
chr13	115576000	115581000	ESC
chr13	116052000	116054000	ESC
chr13	116786000	116787000	NPC
chr13	116790000	116791000	NPC
chr13	116793000	116795000	NPC
chr13	116796000	116798000	NPC
chr13	116799000	116803000	NPC
chr13	116804000	116809000	NPC
chr13	116812000	116815000	NPC
chr13	116817000	116819000	NPC
chr13	116834000	116836000	NPC
chr13	116837000	116841000	NPC
chr13	116846000	116847000	NPC
chr13	116855000	116856000	NPC
chr13	116862000	116864000	NPC
chr13	116868000	116869000	NPC
chr13	116879000	116881000	NPC
chr13	116886000	116887000	NPC
chr13	116888000	116889000	NPC
chr13	116900000	116901000	NPC
chr13	116906000	116907000	NPC
chr13	116908000	116909000	NPC
chr13	116911000	116912000	NPC
chr13	116917000	116918000	NPC
chr13	116926000	116929000	NPC
chr13	116930000	116931000	NPC
chr13	116934000	116935000	NPC
chr13	116938000	116940000	NPC
chr13	116946000	116947000	NPC
chr13	116952000	116953000	NPC
chr13	116959000	116960000	NPC
chr13	116976000	116977000	NPC
chr13	117002000	117003000	NPC
chr13	117027000	117028000	NPC
chr13	117125000	117126000	NPC
chr13	117127000	117132000	NPC
chr13	118143000	118146000	ESC
chr13	119510000	119511000	NPC
chr13	119512000	119523000	NPC
chr13	119524000	119528000	NPC
chr13	119533000	119538000	NPC
chr13	119540000	119541000	NPC
chr13	119544000	119545000	NPC
chr14	7110000	7113000	ESC
chr14	10348000	10350000	ESC
chr14	11135000	11139000	ESC
chr14	11191000	11194000	NPC
chr14	11196000	11200000	NPC
chr14	16453000	16455000	ESC
chr14	19625000	19626000	ESC
chr14	20474000	20476000	ESC
chr14	20769000	20785000	ESC
chr14	20807000	20809000	ESC
chr14	24152000	24153000	ESC
chr14	24154000	24155000	ESC
chr14	24291000	24296000	ESC
chr14	24379000	24380000	ESC
chr14	24434000	24438000	ESC
chr14	25941000	25943000	ESC
chr14	26587000	26588000	ESC
chr14	27330000	27339000	ESC
chr14	27340000	27345000	ESC
chr14	28837000	28840000	ESC
chr14	29719000	29722000	ESC
chr14	30050000	30052000	ESC
chr14	30214000	30215000	ESC
chr14	30264000	30265000	ESC
chr14	31291000	31293000	ESC
chr14	31428000	31429000	ESC
chr14	32432000	32436000	NPC
chr14	32437000	32440000	NPC
chr14	32441000	32442000	NPC
chr14	32753000	32754000	ESC
chr14	32784000	32786000	ESC
chr14	32808000	32809000	ESC
chr14	33048000	33051000	ESC
chr14	33227000	33229000	ESC
chr14	33646000	33653000	ESC
chr14	33713000	33715000	ESC
chr14	33723000	33727000	ESC
chr14	36156000	36157000	NPC
chr14	36394000	36395000	NPC
chr14	38087000	38088000	NPC
chr14	38111000	38112000	NPC
chr14	38113000	38114000	NPC
chr14	38115000	38116000	NPC
chr14	38129000	38130000	NPC
chr14	38180000	38181000	NPC
chr14	38182000	38184000	NPC
chr14	38838000	38839000	NPC
chr14	38867000	38868000	NPC
chr14	39922000	39923000	ESC
chr14	43780000	43781000	ESC
chr14	45804000	45808000	ESC
chr14	46011000	46012000	ESC
chr14	46013000	46014000	ESC
chr14	46015000	46016000	ESC
chr14	46295000	46296000	ESC
chr14	47043000	47044000	ESC
chr14	47178000	47179000	ESC
chr14	47581000	47582000	ESC
chr14	47583000	47597000	ESC
chr14	47629000	47631000	ESC
chr14	49070000	49072000	NPC
chr14	49818000	49819000	ESC
chr14	50662000	50663000	ESC
chr14	50905000	50913000	ESC
chr14	51234000	51239000	ESC
chr14	51248000	51250000	ESC
chr14	53385000	53387000	ESC
chr14	53432000	53435000	ESC
chr14	53586000	53587000	ESC
chr14	53665000	53666000	ESC
chr14	53866000	53867000	ESC
chr14	53892000	53893000	ESC
chr14	53895000	53896000	ESC
chr14	53900000	53902000	ESC
chr14	53903000	53906000	ESC
chr14	53925000	53934000	ESC
chr14	53946000	53947000	ESC
chr14	54067000	54069000	ESC
chr14	54449000	54450000	ESC
chr14	54455000	54456000	ESC
chr14	54717000	54718000	ESC
chr14	54721000	54725000	ESC
chr14	54737000	54739000	ESC
chr14	54740000	54744000	ESC
chr14	55990000	55992000	ESC
chr14	56057000	56058000	ESC
chr14	56086000	56089000	ESC
chr14	56495000	56496000	ESC
chr14	56648000	56649000	ESC
chr14	56651000	56652000	ESC
chr14	56653000	56655000	ESC
chr14	56660000	56663000	ESC
chr14	56672000	56673000	ESC
chr14	56681000	56682000	ESC
chr14	56684000	56686000	ESC
chr14	56687000	56696000	ESC
chr14	56699000	56700000	ESC
chr14	56701000	56702000	ESC
chr14	57025000	57026000	ESC
chr14	59331000	59335000	ESC
chr14	60000000	60002000	ESC
chr14	60229000	60230000	ESC
chr14	60637000	60646000	ESC
chr14	61247000	61248000	ESC
chr14	61509000	61511000	ESC
chr14	61541000	61542000	ESC
chr14	62053000	62058000	NPC
chr14	62059000	62063000	NPC
chr14	62193000	62196000	ESC
chr14	62197000	62202000	ESC
chr14	62205000	62207000	ESC
chr14	62222000	62223000	ESC
chr14	62347000	62350000	NPC
chr14	62351000	62353000	NPC
chr14	62354000	62355000	NPC
chr14	62408000	62426000	NPC
chr14	62696000	62700000	ESC
chr14	62895000	62903000	ESC
chr14	64215000	64217000	ESC
chr14	64906000	64909000	ESC
chr14	65589000	65592000	ESC
chr14	65638000	65644000	NPC
chr14	65648000	65649000	NPC
chr14	66182000	66195000	ESC
chr14	67883000	67885000	NPC
chr14	68128000	68130000	ESC
chr14	68145000	68146000	ESC
chr14	68810000	68817000	ESC
chr14	68818000	68819000	ESC
chr14	68910000	68913000	ESC
chr14	68927000	68928000	ESC
chr14	68939000	68942000	ESC
chr14	69223000	69227000	ESC
chr14	69253000	69257000	ESC
chr14	69265000	69268000	ESC
chr14	69622000	69629000	ESC
chr14	71266000	71268000	ESC
chr14	72357000	72360000	NPC
chr14	72361000	72367000	NPC
chr14	72368000	72373000	NPC
chr14	72375000	72378000	NPC
chr14	73750000	73752000	ESC
chr14	75066000	75068000	NPC
chr14	75890000	75892000	ESC
chr14	76560000	76564000	NPC
chr14	76566000	76567000	NPC
chr14	78396000	78398000	ESC
chr14	78503000	78506000	ESC
chr14	83252000	83258000	ESC
chr14	88034000	88035000	NPC
chr14	88061000	88062000	NPC
chr14	88203000	88204000	NPC
chr14	88235000	88236000	NPC
chr14	89377000	89378000	NPC
chr14	89380000	89381000	NPC
chr14	92773000	92775000	ESC
chr14	92797000	92798000	NPC
chr14	92801000	92803000	NPC
chr14	92806000	92807000	NPC
chr14	92809000	92812000	NPC
chr14	92822000	92823000	NPC
chr14	92825000	92826000	NPC
chr14	92837000	92838000	NPC
chr14	92844000	92847000	NPC
chr14	92851000	92852000	NPC
chr14	92853000	92856000	NPC
chr14	92906000	92907000	NPC
chr14	92921000	92922000	NPC
chr14	92931000	92932000	NPC
chr14	92955000	92956000	NPC
chr14	92958000	92959000	NPC
chr14	92976000	92977000	NPC
chr14	95606000	95607000	NPC
chr14	95608000	95610000	NPC
chr14	95750000	95751000	NPC
chr14	95764000	95765000	NPC
chr14	95768000	95769000	NPC
chr14	95770000	95771000	NPC
chr14	95782000	95783000	NPC
chr14	95785000	95786000	NPC
chr14	95789000	95792000	NPC
chr14	95795000	95796000	NPC
chr14	95857000	95858000	NPC
chr14	95859000	95860000	NPC
chr14	95865000	95866000	NPC
chr14	95872000	95873000	NPC
chr14	95874000	95876000	NPC
chr14	95888000	95889000	NPC
chr14	95903000	95904000	NPC
chr14	97050000	97052000	ESC
chr14	97690000	97693000	NPC
chr14	100186000	100187000	NPC
chr14	100188000	100190000	NPC
chr14	100493000	100495000	ESC
chr14	101867000	101869000	ESC
chr14	103357000	103358000	ESC
chr14	103359000	103360000	ESC
chr14	103407000	103408000	ESC
chr14	104311000	104312000	ESC
chr14	104992000	104993000	ESC
chr14	110557000	110564000	ESC
chr14	110926000	110927000	NPC
chr14	110957000	110958000	NPC
chr14	111022000	111023000	NPC
chr14	111084000	111085000	NPC
chr14	111089000	111090000	NPC
chr14	111195000	111196000	NPC
chr14	111316000	111317000	NPC
chr14	112214000	112215000	NPC
chr14	112288000	112289000	NPC
chr14	112321000	112322000	NPC
chr14	112914000	112915000	NPC
chr14	112917000	112918000	NPC
chr14	113975000	113976000	ESC
chr14	115808000	115811000	ESC
chr14	117108000	117121000	ESC
chr14	117205000	117207000	ESC
chr14	117247000	117248000	ESC
chr14	117320000	117322000	ESC
chr14	118233000	118235000	ESC
chr14	118274000	118275000	ESC
chr14	120169000	120173000	ESC
chr14	120542000	120543000	ESC
chr14	121539000	121545000	ESC
chr14	121586000	121587000	ESC
chr14	121597000	121599000	ESC
chr14	121604000	121605000	ESC
chr14	121606000	121610000	ESC
chr14	121611000	121623000	ESC
chr14	121624000	121627000	ESC
chr14	122086000	122099000	NPC
chr14	122101000	122106000	NPC
chr14	122287000	122290000	NPC
chr14	122293000	122294000	NPC
chr14	122297000	122298000	NPC
chr14	122324000	122325000	NPC
chr14	122327000	122328000	NPC
chr14	122329000	122331000	NPC
chr14	122334000	122337000	NPC
chr14	122338000	122349000	NPC
chr14	122350000	122353000	NPC
chr14	122354000	122356000	NPC
chr14	122357000	122360000	NPC
chr14	122362000	122363000	NPC
chr14	122365000	122366000	NPC
chr14	122368000	122369000	NPC
chr14	122372000	122378000	NPC
chr14	122379000	122382000	NPC
chr14	122387000	122389000	NPC
chr14	122390000	122391000	NPC
chr14	123858000	123859000	ESC
chr15	5189000	5191000	ESC
chr15	5366000	5368000	NPC
chr15	5379000	5380000	NPC
chr15	6027000	6028000	NPC
chr15	6047000	6048000	NPC
chr15	6049000	6050000	NPC
chr15	6051000	6052000	NPC
chr15	6065000	6067000	NPC
chr15	6069000	6071000	NPC
chr15	6072000	6073000	NPC
chr15	6074000	6075000	NPC
chr15	6107000	6108000	NPC
chr15	6109000	6110000	NPC
chr15	6111000	6112000	NPC
chr15	6118000	6119000	NPC
chr15	6136000	6137000	NPC
chr15	6637000	6640000	NPC
chr15	6650000	6651000	NPC
chr15	6820000	6822000	ESC
chr15	10842000	10847000	NPC
chr15	10848000	10851000	NPC
chr15	10852000	10853000	NPC
chr15	10854000	10857000	NPC
chr15	10980000	10981000	ESC
chr15	11533000	11536000	NPC
chr15	11537000	11539000	NPC
chr15	11540000	11541000	NPC
chr15	11585000	11587000	NPC
chr15	11588000	11589000	NPC
chr15	11600000	11602000	NPC
chr15	11603000	11604000	NPC
chr15	11605000	11606000	NPC
chr15	11607000	11609000	NPC
chr15	11617000	11619000	NPC
chr15	11633000	11634000	NPC
chr15	11638000	11640000	NPC
chr15	11717000	11720000	NPC
chr15	11796000	11803000	NPC
chr15	13117000	13120000	ESC
chr15	13846000	13847000	NPC
chr15	13852000	13853000	NPC
chr15	13881000	13882000	NPC
chr15	13901000	13902000	NPC
chr15	13905000	13906000	NPC
chr15	13911000	13912000	NPC
chr15	13918000	13919000	NPC
chr15	13924000	13925000	NPC
chr15	13928000	13929000	NPC
chr15	13933000	13934000	NPC
chr15	13939000	13940000	NPC
chr15	13942000	13943000	NPC
chr15	13945000	13947000	NPC
chr15	13951000	13952000	NPC
chr15	13959000	13960000	NPC
chr15	13999000	14000000	NPC
chr15	14004000	14006000	NPC
chr15	14020000	14021000	NPC
chr15	14023000	14024000	NPC
chr15	14027000	14028000	NPC
chr15	14061000	14062000	NPC
chr15	14256000	14257000	NPC
chr15	14278000	14279000	NPC
chr15	14291000	14292000	NPC
chr15	14582000	14583000	NPC
chr15	14600000	14601000	NPC
chr15	14602000	14603000	NPC
chr15	14627000	14628000	NPC
chr15	14648000	14649000	NPC
chr15	14691000	14692000	NPC
chr15	14695000	14697000	NPC
chr15	14719000	14720000	NPC
chr15	14752000	14753000	NPC
chr15	14794000	14795000	NPC
chr15	14804000	14805000	NPC
chr15	14965000	14966000	NPC
chr15	15521000	15522000	NPC
chr15	15607000	15608000	NPC
chr15	15641000	15642000	NPC
chr15	15672000	15673000	NPC
chr15	15678000	15679000	NPC
chr15	15684000	15686000	NPC
chr15	15714000	15715000	NPC
chr15	17269000	17270000	NPC
chr15	17271000	17272000	NPC
chr15	17544000	17545000	NPC
chr15	17644000	17645000	NPC
chr15	17705000	17706000	NPC
chr15	17824000	17825000	NPC
chr15	17997000	17998000	NPC
chr15	18035000	18036000	NPC
chr15	18117000	18118000	NPC
chr15	18132000	18133000	NPC
chr15	18160000	18162000	NPC
chr15	18182000	18183000	NPC
chr15	18243000	18244000	NPC
chr15	18249000	18250000	NPC
chr15	18309000	18310000	NPC
chr15	19404000	19405000	NPC
chr15	19406000	19407000	NPC
chr15	19417000	19418000	NPC
chr15	19422000	19423000	NPC
chr15	19447000	19448000	NPC
chr15	19846000	19847000	NPC
chr15	19979000	19980000	NPC
chr15	20052000	20054000	NPC
chr15	20073000	20076000	NPC
chr15	20078000	20080000	NPC
chr15	20096000	20097000	NPC
chr15	20152000	20153000	NPC
chr15	20162000	20163000	NPC
chr15	20651000	20653000	NPC
chr15	20665000	20666000	NPC
chr15	20667000	20668000	NPC
chr15	22145000	22146000	NPC
chr15	22147000	22148000	NPC
chr15	22173000	22174000	NPC
chr15	22175000	22177000	NPC
chr15	23555000	23556000	NPC
chr15	23557000	23558000	NPC
chr15	23572000	23573000	NPC
chr15	23589000	23590000	NPC
chr15	23611000	23612000	NPC
chr15	26215000	26219000	NPC
chr15	26260000	26271000	NPC
chr15	26272000	26274000	NPC
chr15	26275000	26276000	NPC
chr15	26278000	26279000	NPC
chr15	26397000	26398000	NPC
chr15	26400000	26401000	NPC
chr15	26839000	26840000	ESC
chr15	27942000	27943000	ESC
chr15	27966000	27970000	ESC
chr15	27971000	27972000	ESC
chr15	30116000	30119000	ESC
chr15	30590000	30593000	ESC
chr15	31241000	31243000	ESC
chr15	33631000	33632000	ESC
chr15	34398000	34399000	ESC
chr15	34622000	34625000	ESC
chr15	35238000	35249000	ESC
chr15	37121000	37122000	ESC
chr15	37176000	37179000	ESC
chr15	37734000	37737000	ESC
chr15	38101000	38102000	ESC
chr15	38415000	38416000	ESC
chr15	38820000	38822000	ESC
chr15	38906000	38908000	ESC
chr15	39687000	39688000	ESC
chr15	40485000	40487000	ESC
chr15	42818000	42820000	NPC
chr15	42823000	42828000	NPC
chr15	43557000	43558000	NPC
chr15	43561000	43563000	NPC
chr15	43568000	43569000	NPC
chr15	43587000	43588000	NPC
chr15	43594000	43595000	NPC
chr15	43599000	43600000	NPC
chr15	43602000	43604000	NPC
chr15	43762000	43763000	NPC
chr15	43764000	43765000	NPC
chr15	43766000	43767000	NPC
chr15	44617000	44618000	ESC
chr15	44944000	44945000	ESC
chr15	46057000	46058000	NPC
chr15	46117000	46118000	NPC
chr15	46154000	46155000	NPC
chr15	46236000	46237000	NPC
chr15	46268000	46269000	NPC
chr15	46426000	46427000	NPC
chr15	48446000	48447000	NPC
chr15	48448000	48449000	NPC
chr15	48465000	48466000	NPC
chr15	48478000	48479000	NPC
chr15	48543000	48544000	NPC
chr15	48545000	48546000	NPC
chr15	48548000	48549000	NPC
chr15	48555000	48556000	NPC
chr15	48562000	48563000	NPC
chr15	48591000	48592000	NPC
chr15	49177000	49178000	NPC
chr15	49180000	49181000	NPC
chr15	49182000	49183000	NPC
chr15	49291000	49292000	NPC
chr15	49296000	49297000	NPC
chr15	49309000	49310000	NPC
chr15	49311000	49313000	NPC
chr15	49315000	49316000	NPC
chr15	49323000	49324000	NPC
chr15	49326000	49327000	NPC
chr15	49337000	49338000	NPC
chr15	49360000	49361000	NPC
chr15	49365000	49368000	NPC
chr15	49373000	49374000	NPC
chr15	49375000	49376000	NPC
chr15	49389000	49390000	NPC
chr15	49392000	49393000	NPC
chr15	49435000	49436000	NPC
chr15	49559000	49560000	NPC
chr15	52223000	52225000	NPC
chr15	52227000	52228000	NPC
chr15	52230000	52231000	NPC
chr15	52232000	52233000	NPC
chr15	52235000	52237000	NPC
chr15	52238000	52239000	NPC
chr15	52241000	52243000	NPC
chr15	52245000	52248000	NPC
chr15	52249000	52250000	NPC
chr15	54291000	54292000	NPC
chr15	54294000	54295000	NPC
chr15	54309000	54311000	NPC
chr15	54312000	54313000	NPC
chr15	54781000	54783000	ESC
chr15	55138000	55140000	ESC
chr15	57523000	57527000	ESC
chr15	57904000	57909000	ESC
chr15	58043000	58045000	ESC
chr15	60651000	60654000	ESC
chr15	60660000	60661000	ESC
chr15	64347000	64349000	NPC
chr15	64750000	64752000	ESC
chr15	65577000	65578000	ESC
chr15	67005000	67006000	ESC
chr15	67075000	67078000	NPC
chr15	71126000	71127000	NPC
chr15	71144000	71145000	NPC
chr15	71148000	71149000	NPC
chr15	71557000	71558000	ESC
chr15	72373000	72375000	ESC
chr15	73917000	73919000	NPC
chr15	74356000	74357000	ESC
chr15	75715000	75716000	ESC
chr15	75719000	75721000	ESC
chr15	75737000	75739000	ESC
chr15	75823000	75826000	ESC
chr15	75916000	75918000	ESC
chr15	76006000	76010000	ESC
chr15	76122000	76124000	ESC
chr15	76841000	76842000	ESC
chr15	78236000	78239000	ESC
chr15	78366000	78368000	ESC
chr15	78499000	78501000	ESC
chr15	78544000	78547000	ESC
chr15	78670000	78671000	ESC
chr15	78794000	78795000	ESC
chr15	78989000	78994000	ESC
chr15	79079000	79081000	ESC
chr15	79087000	79089000	ESC
chr15	79628000	79629000	ESC
chr15	80222000	80223000	ESC
chr15	80399000	80400000	ESC
chr15	80498000	80500000	ESC
chr15	81061000	81065000	ESC
chr15	81522000	81524000	ESC
chr15	81896000	81898000	ESC
chr15	84152000	84153000	ESC
chr15	84844000	84846000	ESC
chr15	84959000	84962000	ESC
chr15	85318000	85319000	ESC
chr15	85362000	85366000	ESC
chr15	85403000	85409000	ESC
chr15	85453000	85457000	ESC
chr15	85488000	85490000	ESC
chr15	85497000	85500000	ESC
chr15	85648000	85650000	ESC
chr15	87371000	87374000	ESC
chr15	87453000	87454000	ESC
chr15	88781000	88784000	ESC
chr15	88895000	88898000	ESC
chr15	88973000	88977000	ESC
chr15	89204000	89208000	ESC
chr15	89214000	89216000	ESC
chr15	89285000	89287000	ESC
chr15	89326000	89327000	ESC
chr15	89329000	89330000	ESC
chr15	89351000	89353000	ESC
chr15	89361000	89362000	ESC
chr15	89374000	89377000	ESC
chr15	89385000	89387000	ESC
chr15	92225000	92227000	ESC
chr15	93165000	93166000	ESC
chr15	93196000	93199000	ESC
chr15	93337000	93339000	ESC
chr15	93340000	93341000	ESC
chr15	93343000	93344000	ESC
chr15	93345000	93354000	ESC
chr15	93356000	93359000	ESC
chr15	93422000	93425000	ESC
chr15	94617000	94618000	NPC
chr15	94623000	94626000	NPC
chr15	94627000	94629000	NPC
chr15	95356000	95357000	ESC
chr15	95481000	95483000	ESC
chr15	97594000	97598000	ESC
chr15	97828000	97834000	ESC
chr15	97995000	97999000	ESC
chr15	98123000	98124000	ESC
chr15	98326000	98327000	ESC
chr15	98422000	98425000	ESC
chr15	98432000	98439000	ESC
chr15	98598000	98601000	ESC
chr15	98603000	98609000	ESC
chr15	98625000	98628000	ESC
chr15	98633000	98638000	ESC
chr15	98721000	98727000	ESC
chr15	98914000	98917000	ESC
chr15	98921000	98926000	ESC
chr15	99407000	99409000	ESC
chr15	99411000	99415000	ESC
chr15	99416000	99419000	ESC
chr15	99498000	99500000	ESC
chr15	100406000	100407000	ESC
chr15	100410000	100411000	ESC
chr15	100415000	100416000	ESC
chr15	100420000	100421000	ESC
chr15	100426000	100427000	ESC
chr15	100428000	100430000	ESC
chr15	100556000	100560000	ESC
chr15	100660000	100661000	ESC
chr15	100811000	100813000	ESC
chr15	100844000	100845000	ESC
chr15	100846000	100847000	ESC
chr15	100866000	100869000	ESC
chr15	100874000	100876000	ESC
chr15	100879000	100883000	ESC
chr15	100904000	100907000	ESC
chr15	100956000	100958000	ESC
chr15	101240000	101242000	ESC
chr15	101265000	101266000	ESC
chr15	101853000	101856000	ESC
chr15	101973000	101974000	ESC
chr15	102185000	102187000	ESC
chr15	102571000	102576000	ESC
chr15	102642000	102646000	NPC
chr15	102648000	102656000	NPC
chr15	102657000	102664000	NPC
chr15	102676000	102679000	NPC
chr15	102681000	102686000	NPC
chr15	102687000	102688000	NPC
chr15	102690000	102698000	NPC
chr15	102699000	102700000	NPC
chr15	102701000	102706000	NPC
chr15	102727000	102732000	NPC
chr15	102914000	102916000	ESC
chr15	102930000	102932000	ESC
chr15	103137000	103138000	ESC
chr15	103330000	103333000	ESC
chr16	4333000	4335000	ESC
chr16	5801000	5802000	ESC
chr16	9905000	9910000	ESC
chr16	10225000	10229000	ESC
chr16	10259000	10260000	ESC
chr16	10306000	10307000	ESC
chr16	10709000	10710000	ESC
chr16	10979000	10981000	ESC
chr16	13360000	13363000	ESC
chr16	17191000	17192000	ESC
chr16	17489000	17491000	ESC
chr16	17709000	17723000	ESC
chr16	17730000	17731000	ESC
chr16	17749000	17751000	ESC
chr16	18048000	18049000	ESC
chr16	18492000	18495000	ESC
chr16	18497000	18505000	ESC
chr16	18509000	18510000	ESC
chr16	18516000	18517000	ESC
chr16	18518000	18523000	ESC
chr16	18530000	18544000	ESC
chr16	18689000	18693000	ESC
chr16	20505000	20506000	ESC
chr16	20533000	20535000	ESC
chr16	20608000	20609000	ESC
chr16	20646000	20652000	ESC
chr16	21160000	21165000	ESC
chr16	21606000	21610000	ESC
chr16	22571000	22573000	ESC
chr16	23896000	23898000	ESC
chr16	23899000	23903000	ESC
chr16	26020000	26022000	ESC
chr16	26286000	26287000	ESC
chr16	26496000	26497000	ESC
chr16	26882000	26883000	ESC
chr16	28360000	28363000	ESC
chr16	29129000	29130000	ESC
chr16	30227000	30230000	ESC
chr16	30520000	30522000	ESC
chr16	31799000	31800000	ESC
chr16	31806000	31809000	ESC
chr16	31853000	31856000	ESC
chr16	32084000	32085000	ESC
chr16	33604000	33606000	ESC
chr16	33675000	33677000	ESC
chr16	33855000	33859000	NPC
chr16	34276000	34277000	ESC
chr16	34492000	34494000	ESC
chr16	35075000	35078000	ESC
chr16	35085000	35086000	ESC
chr16	35461000	35464000	ESC
chr16	35577000	35582000	ESC
chr16	36479000	36482000	ESC
chr16	37035000	37037000	NPC
chr16	37049000	37051000	NPC
chr16	37052000	37054000	NPC
chr16	37055000	37065000	NPC
chr16	37068000	37074000	NPC
chr16	37076000	37077000	NPC
chr16	37078000	37080000	NPC
chr16	37086000	37087000	NPC
chr16	37089000	37090000	NPC
chr16	37094000	37098000	NPC
chr16	37104000	37107000	NPC
chr16	37108000	37109000	NPC
chr16	37110000	37111000	NPC
chr16	37112000	37114000	NPC
chr16	37115000	37116000	NPC
chr16	37119000	37120000	NPC
chr16	37128000	37129000	NPC
chr16	37130000	37134000	NPC
chr16	37136000	37137000	NPC
chr16	37139000	37140000	NPC
chr16	37141000	37142000	NPC
chr16	37144000	37146000	NPC
chr16	37147000	37148000	NPC
chr16	37151000	37153000	NPC
chr16	37154000	37158000	NPC
chr16	37160000	37162000	NPC
chr16	37168000	37170000	NPC
chr16	37173000	37177000	NPC
chr16	37180000	37182000	NPC
chr16	37186000	37187000	NPC
chr16	37190000	37191000	NPC
chr16	37193000	37194000	NPC
chr16	37199000	37200000	NPC
chr16	37201000	37202000	NPC
chr16	37203000	37205000	NPC
chr16	37206000	37209000	NPC
chr16	37211000	37212000	NPC
chr16	37220000	37221000	NPC
chr16	37223000	37224000	NPC
chr16	37238000	37240000	NPC
chr16	37247000	37248000	NPC
chr16	37250000	37251000	NPC
chr16	37256000	37258000	NPC
chr16	37259000	37260000	NPC
chr16	37264000	37266000	NPC
chr16	37282000	37303000	NPC
chr16	37304000	37307000	NPC
chr16	37308000	37311000	NPC
chr16	37312000	37315000	NPC
chr16	37316000	37317000	NPC
chr16	37318000	37322000	NPC
chr16	37323000	37327000	NPC
chr16	37365000	37366000	NPC
chr16	37371000	37378000	NPC
chr16	37380000	37384000	NPC
chr16	37835000	37837000	ESC
chr16	37924000	37925000	ESC
chr16	37926000	37927000	ESC
chr16	38170000	38171000	ESC
chr16	38172000	38173000	ESC
chr16	38628000	38630000	ESC
chr16	38631000	38633000	ESC
chr16	39904000	39905000	ESC
chr16	43522000	43523000	ESC
chr16	44250000	44253000	ESC
chr16	44372000	44373000	ESC
chr16	44472000	44473000	ESC
chr16	44475000	44479000	ESC
chr16	45762000	45763000	ESC
chr16	52370000	52371000	ESC
chr16	57312000	57314000	ESC
chr16	63806000	63807000	ESC
chr16	65045000	65048000	ESC
chr16	67536000	67539000	ESC
chr16	71910000	71913000	ESC
chr16	74293000	74296000	ESC
chr16	78119000	78124000	ESC
chr16	78813000	78814000	ESC
chr16	84585000	84587000	ESC
chr16	85056000	85058000	ESC
chr16	85691000	85693000	ESC
chr16	85788000	85791000	ESC
chr16	87642000	87643000	ESC
chr16	88178000	88179000	ESC
chr16	90031000	90032000	ESC
chr16	90274000	90277000	ESC
chr16	90719000	90723000	ESC
chr16	91107000	91123000	ESC
chr16	91158000	91161000	ESC
chr16	91295000	91296000	ESC
chr16	91404000	91405000	ESC
chr16	91436000	91437000	ESC
chr16	91798000	91799000	ESC
chr16	91872000	91874000	ESC
chr16	92386000	92389000	ESC
chr16	92491000	92492000	ESC
chr16	92494000	92495000	ESC
chr16	92584000	92589000	ESC
chr16	93975000	93977000	ESC
chr16	94235000	94236000	ESC
chr16	94333000	94336000	NPC
chr16	94411000	94413000	ESC
chr16	94435000	94438000	ESC
chr16	95690000	95691000	ESC
chr16	95694000	95695000	ESC
chr16	95792000	95793000	ESC
chr16	96385000	96386000	ESC
chr16	97461000	97464000	ESC
chr16	97764000	97767000	ESC
chr16	98076000	98077000	ESC
chr17	3282000	3285000	ESC
chr17	3371000	3372000	ESC
chr17	5450000	5452000	ESC
chr17	5895000	5899000	ESC
chr17	6711000	6712000	ESC
chr17	7610000	7611000	ESC
chr17	7664000	7666000	ESC
chr17	8177000	8182000	ESC
chr17	8227000	8228000	ESC
chr17	8267000	8268000	ESC
chr17	8269000	8270000	ESC
chr17	8272000	8277000	ESC
chr17	8361000	8366000	ESC
chr17	8636000	8644000	ESC
chr17	11456000	11457000	ESC
chr17	12612000	12614000	ESC
chr17	13995000	13998000	ESC
chr17	14431000	14434000	ESC
chr17	15078000	15085000	ESC
chr17	15086000	15089000	ESC
chr17	15240000	15241000	ESC
chr17	15533000	15537000	ESC
chr17	15695000	15697000	NPC
chr17	17552000	17553000	ESC
chr17	17554000	17556000	ESC
chr17	17614000	17615000	ESC
chr17	23465000	23472000	ESC
chr17	23933000	23936000	ESC
chr17	24078000	24079000	ESC
chr17	24215000	24218000	ESC
chr17	24232000	24233000	ESC
chr17	24386000	24387000	ESC
chr17	24542000	24543000	NPC
chr17	24544000	24547000	NPC
chr17	24548000	24550000	NPC
chr17	24551000	24553000	NPC
chr17	24554000	24564000	NPC
chr17	24972000	24975000	ESC
chr17	24981000	24985000	ESC
chr17	25109000	25112000	ESC
chr17	25160000	25163000	ESC
chr17	25223000	25225000	ESC
chr17	25284000	25285000	ESC
chr17	25294000	25299000	ESC
chr17	25537000	25538000	ESC
chr17	25540000	25543000	ESC
chr17	25545000	25547000	ESC
chr17	25676000	25678000	ESC
chr17	26141000	26146000	ESC
chr17	26159000	26161000	ESC
chr17	26165000	26170000	ESC
chr17	26567000	26573000	ESC
chr17	26614000	26616000	ESC
chr17	26672000	26680000	ESC
chr17	26692000	26693000	ESC
chr17	27028000	27030000	ESC
chr17	27053000	27054000	ESC
chr17	27061000	27062000	ESC
chr17	27063000	27064000	ESC
chr17	27227000	27236000	ESC
chr17	27240000	27242000	ESC
chr17	27245000	27246000	ESC
chr17	27382000	27384000	ESC
chr17	27446000	27448000	ESC
chr17	28092000	28093000	ESC
chr17	29048000	29050000	ESC
chr17	29128000	29130000	ESC
chr17	29131000	29132000	ESC
chr17	29569000	29570000	ESC
chr17	29613000	29620000	ESC
chr17	29656000	29658000	ESC
chr17	31484000	31486000	NPC
chr17	31487000	31488000	NPC
chr17	31489000	31491000	NPC
chr17	31493000	31495000	NPC
chr17	31497000	31501000	NPC
chr17	31917000	31918000	ESC
chr17	32126000	32129000	ESC
chr17	32146000	32147000	ESC
chr17	33663000	33666000	ESC
chr17	33808000	33810000	ESC
chr17	33811000	33812000	ESC
chr17	33813000	33814000	ESC
chr17	33873000	33874000	ESC
chr17	34236000	34240000	ESC
chr17	34278000	34281000	ESC
chr17	34287000	34290000	ESC
chr17	34585000	34586000	ESC
chr17	34802000	34805000	ESC
chr17	34806000	34810000	ESC
chr17	34967000	34968000	ESC
chr17	35332000	35333000	ESC
chr17	40678000	40679000	NPC
chr17	40687000	40688000	NPC
chr17	40692000	40693000	NPC
chr17	40739000	40740000	NPC
chr17	40780000	40781000	NPC
chr17	40801000	40803000	NPC
chr17	40812000	40813000	NPC
chr17	40823000	40824000	NPC
chr17	40946000	40948000	NPC
chr17	40970000	40971000	NPC
chr17	40990000	40991000	NPC
chr17	41008000	41009000	NPC
chr17	41778000	41781000	ESC
chr17	42480000	42481000	ESC
chr17	43090000	43095000	ESC
chr17	43652000	43653000	ESC
chr17	43717000	43718000	ESC
chr17	44167000	44168000	ESC
chr17	44197000	44202000	ESC
chr17	44714000	44715000	ESC
chr17	44728000	44729000	ESC
chr17	45008000	45011000	ESC
chr17	45717000	45719000	ESC
chr17	45762000	45763000	ESC
chr17	45908000	45911000	ESC
chr17	45917000	45920000	ESC
chr17	45921000	45925000	ESC
chr17	45949000	45951000	ESC
chr17	46003000	46005000	ESC
chr17	46006000	46008000	ESC
chr17	46009000	46010000	ESC
chr17	46873000	46874000	ESC
chr17	47135000	47136000	ESC
chr17	47297000	47298000	ESC
chr17	47558000	47560000	ESC
chr17	47783000	47784000	ESC
chr17	48396000	48400000	ESC
chr17	48536000	48537000	ESC
chr17	49352000	49353000	ESC
chr17	49759000	49760000	ESC
chr17	49974000	49976000	ESC
chr17	53695000	53696000	NPC
chr17	53697000	53700000	NPC
chr17	53703000	53704000	NPC
chr17	53726000	53727000	NPC
chr17	53728000	53729000	NPC
chr17	53748000	53749000	NPC
chr17	53752000	53755000	NPC
chr17	53756000	53758000	NPC
chr17	54958000	54959000	ESC
chr17	55047000	55048000	NPC
chr17	55308000	55309000	NPC
chr17	55329000	55330000	NPC
chr17	55331000	55332000	NPC
chr17	55342000	55343000	NPC
chr17	55344000	55347000	NPC
chr17	55353000	55354000	NPC
chr17	55360000	55361000	NPC
chr17	55379000	55382000	NPC
chr17	55563000	55566000	ESC
chr17	55713000	55714000	ESC
chr17	56107000	56112000	ESC
chr17	56144000	56149000	ESC
chr17	56493000	56498000	NPC
chr17	56834000	56836000	ESC
chr17	56964000	56965000	ESC
chr17	62565000	62568000	ESC
chr17	62971000	62975000	NPC
chr17	65671000	65673000	ESC
chr17	67258000	67260000	ESC
chr17	68179000	68180000	ESC
chr17	68742000	68743000	ESC
chr17	68745000	68747000	ESC
chr17	68981000	68983000	ESC
chr17	70421000	70422000	ESC
chr17	70567000	70568000	ESC
chr17	71087000	71088000	ESC
chr17	71089000	71090000	ESC
chr17	71213000	71218000	ESC
chr17	71656000	71657000	ESC
chr17	71688000	71689000	ESC
chr17	71774000	71776000	ESC
chr17	72780000	72782000	ESC
chr17	72783000	72784000	ESC
chr17	72823000	72825000	ESC
chr17	72826000	72827000	ESC
chr17	75824000	75825000	NPC
chr17	77998000	77999000	NPC
chr17	78106000	78107000	ESC
chr17	78926000	78927000	ESC
chr17	78957000	78958000	ESC
chr17	79620000	79624000	ESC
chr17	80255000	80256000	ESC
chr17	80279000	80286000	ESC
chr17	81577000	81578000	ESC
chr17	83109000	83110000	ESC
chr17	83121000	83128000	ESC
chr17	83130000	83133000	ESC
chr17	83975000	83976000	ESC
chr17	84003000	84009000	ESC
chr17	84420000	84421000	ESC
chr17	84600000	84602000	ESC
chr17	85362000	85364000	ESC
chr17	85373000	85375000	ESC
chr17	85393000	85395000	ESC
chr17	85516000	85518000	ESC
chr17	85521000	85539000	ESC
chr17	85550000	85552000	ESC
chr17	85588000	85602000	ESC
chr17	85708000	85710000	ESC
chr17	86076000	86079000	ESC
chr17	87193000	87194000	ESC
chr17	87651000	87656000	ESC
chr17	88662000	88663000	ESC
chr17	89204000	89205000	NPC
chr17	89206000	89208000	NPC
chr17	90362000	90365000	ESC
chr17	90996000	90998000	ESC
chr17	92374000	92375000	NPC
chr17	92438000	92439000	NPC
chr17	92464000	92465000	NPC
chr17	92486000	92487000	NPC
chr17	92504000	92505000	NPC
chr17	92524000	92525000	NPC
chr17	92664000	92666000	NPC
chr17	92677000	92680000	NPC
chr17	92711000	92712000	NPC
chr17	92724000	92725000	NPC
chr17	92736000	92737000	NPC
chr17	92814000	92815000	NPC
chr17	92818000	92819000	NPC
chr17	92825000	92826000	NPC
chr17	92830000	92831000	NPC
chr17	93505000	93506000	ESC
chr18	3498000	3499000	ESC
chr18	5163000	5164000	ESC
chr18	5593000	5594000	ESC
chr18	7000000	7005000	ESC
chr18	8037000	8038000	NPC
chr18	8042000	8046000	NPC
chr18	8048000	8051000	NPC
chr18	8053000	8054000	NPC
chr18	8055000	8056000	NPC
chr18	8058000	8062000	NPC
chr18	9210000	9215000	ESC
chr18	10542000	10543000	ESC
chr18	11495000	11497000	ESC
chr18	11983000	11985000	ESC
chr18	12476000	12478000	ESC
chr18	14112000	14115000	ESC
chr18	15203000	15210000	ESC
chr18	15292000	15296000	ESC
chr18	15902000	15904000	ESC
chr18	16949000	16953000	ESC
chr18	20145000	20146000	ESC
chr18	21794000	21796000	ESC
chr18	23181000	23185000	ESC
chr18	23453000	23454000	ESC
chr18	23895000	23898000	ESC
chr18	23940000	23941000	ESC
chr18	24795000	24798000	ESC
chr18	25691000	25693000	ESC
chr18	25707000	25708000	ESC
chr18	25719000	25722000	ESC
chr18	32081000	32084000	ESC
chr18	32519000	32523000	ESC
chr18	32702000	32703000	ESC
chr18	33081000	33082000	ESC
chr18	34668000	34677000	ESC
chr18	34678000	34681000	ESC
chr18	34683000	34687000	ESC
chr18	34804000	34805000	ESC
chr18	34844000	34846000	ESC
chr18	34987000	34989000	ESC
chr18	35774000	35776000	ESC
chr18	35777000	35782000	ESC
chr18	36007000	36008000	ESC
chr18	36013000	36018000	ESC
chr18	36019000	36021000	ESC
chr18	36042000	36050000	ESC
chr18	36055000	36061000	ESC
chr18	36090000	36092000	ESC
chr18	36142000	36144000	ESC
chr18	36150000	36151000	ESC
chr18	36321000	36325000	ESC
chr18	36446000	36450000	ESC
chr18	36850000	36856000	ESC
chr18	37065000	37069000	ESC
chr18	37072000	37076000	ESC
chr18	37079000	37081000	ESC
chr18	37082000	37083000	ESC
chr18	37087000	37090000	ESC
chr18	37123000	37127000	ESC
chr18	37131000	37134000	ESC
chr18	37136000	37139000	ESC
chr18	37147000	37149000	ESC
chr18	37215000	37218000	ESC
chr18	37269000	37272000	ESC
chr18	37528000	37529000	ESC
chr18	37539000	37540000	ESC
chr18	37569000	37570000	ESC
chr18	37601000	37602000	ESC
chr18	37611000	37614000	ESC
chr18	37615000	37616000	ESC
chr18	37623000	37624000	ESC
chr18	37630000	37633000	ESC
chr18	37641000	37643000	ESC
chr18	37644000	37647000	ESC
chr18	37795000	37796000	ESC
chr18	37806000	37809000	ESC
chr18	37811000	37814000	ESC
chr18	37816000	37817000	ESC
chr18	37818000	37819000	ESC
chr18	37820000	37822000	ESC
chr18	37833000	37835000	ESC
chr18	37841000	37844000	ESC
chr18	37845000	37849000	ESC
chr18	37853000	37854000	ESC
chr18	37857000	37861000	ESC
chr18	37863000	37872000	ESC
chr18	37873000	37876000	ESC
chr18	37878000	37885000	ESC
chr18	37889000	37891000	ESC
chr18	37892000	37894000	ESC
chr18	37930000	37931000	ESC
chr18	37940000	37943000	ESC
chr18	38313000	38314000	ESC
chr18	38315000	38316000	ESC
chr18	38323000	38325000	ESC
chr18	38333000	38334000	ESC
chr18	38335000	38341000	ESC
chr18	38610000	38611000	ESC
chr18	40884000	40885000	NPC
chr18	40896000	40897000	NPC
chr18	40905000	40906000	NPC
chr18	40923000	40924000	NPC
chr18	40927000	40928000	NPC
chr18	40945000	40948000	NPC
chr18	40960000	40961000	NPC
chr18	43889000	43891000	NPC
chr18	43892000	43893000	NPC
chr18	43897000	43898000	NPC
chr18	43899000	43900000	NPC
chr18	43901000	43902000	NPC
chr18	43903000	43907000	NPC
chr18	43908000	43909000	NPC
chr18	43910000	43911000	NPC
chr18	43919000	43920000	NPC
chr18	43974000	43976000	NPC
chr18	43977000	43978000	NPC
chr18	43980000	43982000	NPC
chr18	43983000	43985000	NPC
chr18	43989000	43990000	NPC
chr18	43991000	43992000	NPC
chr18	43993000	43994000	NPC
chr18	43995000	43996000	NPC
chr18	44001000	44002000	NPC
chr18	44006000	44007000	NPC
chr18	44048000	44050000	NPC
chr18	44051000	44052000	NPC
chr18	44053000	44054000	NPC
chr18	44058000	44059000	NPC
chr18	44076000	44077000	NPC
chr18	44078000	44079000	NPC
chr18	44087000	44088000	NPC
chr18	44089000	44090000	NPC
chr18	44094000	44095000	NPC
chr18	44098000	44099000	NPC
chr18	44100000	44101000	NPC
chr18	44110000	44112000	NPC
chr18	44113000	44114000	NPC
chr18	44120000	44121000	NPC
chr18	44125000	44126000	NPC
chr18	44127000	44129000	NPC
chr18	44130000	44132000	NPC
chr18	44133000	44134000	NPC
chr18	44138000	44142000	NPC
chr18	44143000	44146000	NPC
chr18	44180000	44182000	NPC
chr18	44183000	44185000	NPC
chr18	44190000	44191000	NPC
chr18	44196000	44202000	NPC
chr18	44204000	44206000	NPC
chr18	44210000	44211000	NPC
chr18	44213000	44214000	NPC
chr18	44220000	44221000	NPC
chr18	44230000	44232000	NPC
chr18	44233000	44234000	NPC
chr18	44266000	44267000	NPC
chr18	44285000	44286000	NPC
chr18	44287000	44288000	NPC
chr18	44300000	44301000	NPC
chr18	44311000	44312000	NPC
chr18	44319000	44320000	NPC
chr18	44787000	44788000	ESC
chr18	44937000	44938000	ESC
chr18	46337000	46338000	ESC
chr18	46590000	46592000	ESC
chr18	46852000	46854000	ESC
chr18	46974000	46977000	ESC
chr18	47277000	47278000	ESC
chr18	47491000	47494000	ESC
chr18	47662000	47663000	ESC
chr18	51861000	51862000	NPC
chr18	51873000	51874000	NPC
chr18	51878000	51879000	NPC
chr18	51903000	51904000	NPC
chr18	51956000	51957000	NPC
chr18	51973000	51974000	NPC
chr18	52032000	52033000	NPC
chr18	52040000	52041000	NPC
chr18	52245000	52246000	NPC
chr18	52250000	52251000	NPC
chr18	52258000	52260000	NPC
chr18	52287000	52288000	NPC
chr18	52289000	52290000	NPC
chr18	52479000	52480000	NPC
chr18	52485000	52486000	NPC
chr18	52490000	52491000	NPC
chr18	52493000	52495000	NPC
chr18	52506000	52507000	NPC
chr18	52523000	52525000	NPC
chr18	52529000	52530000	NPC
chr18	52534000	52535000	NPC
chr18	52547000	52548000	NPC
chr18	52565000	52566000	NPC
chr18	52582000	52583000	NPC
chr18	52653000	52655000	ESC
chr18	52893000	52895000	ESC
chr18	53677000	53678000	ESC
chr18	53772000	53774000	ESC
chr18	55113000	55114000	ESC
chr18	55115000	55116000	ESC
chr18	56594000	56596000	ESC
chr18	58004000	58005000	ESC
chr18	58334000	58337000	ESC
chr18	58963000	58964000	ESC
chr18	59301000	59303000	ESC
chr18	60748000	60749000	ESC
chr18	61037000	61040000	ESC
chr18	61110000	61111000	ESC
chr18	61156000	61165000	ESC
chr18	61911000	61912000	ESC
chr18	62463000	62474000	NPC
chr18	62510000	62511000	NPC
chr18	62521000	62525000	NPC
chr18	62526000	62529000	NPC
chr18	62551000	62553000	NPC
chr18	62554000	62560000	NPC
chr18	62561000	62562000	NPC
chr18	62563000	62566000	NPC
chr18	62984000	62988000	NPC
chr18	62989000	62996000	NPC
chr18	62997000	62999000	NPC
chr18	63003000	63006000	NPC
chr18	63510000	63513000	ESC
chr18	64466000	64474000	ESC
chr18	64785000	64787000	ESC
chr18	65884000	65885000	ESC
chr18	65997000	65999000	ESC
chr18	66060000	66066000	ESC
chr18	66068000	66069000	ESC
chr18	66414000	66418000	ESC
chr18	66985000	66986000	ESC
chr18	67214000	67215000	ESC
chr18	67469000	67471000	ESC
chr18	67514000	67516000	ESC
chr18	68059000	68060000	ESC
chr18	69322000	69325000	ESC
chr18	71172000	71173000	NPC
chr18	71182000	71183000	NPC
chr18	72474000	72477000	ESC
chr18	75643000	75645000	ESC
chr18	75821000	75822000	ESC
chr18	75945000	75950000	ESC
chr18	75951000	75953000	ESC
chr18	76002000	76003000	ESC
chr18	76023000	76024000	ESC
chr18	76185000	76187000	ESC
chr18	76270000	76277000	ESC
chr18	76278000	76279000	ESC
chr18	76342000	76343000	ESC
chr18	77060000	77065000	ESC
chr18	77388000	77390000	ESC
chr18	77402000	77403000	ESC
chr18	77458000	77461000	ESC
chr18	77520000	77521000	ESC
chr18	78205000	78214000	ESC
chr18	78215000	78218000	ESC
chr18	78704000	78707000	NPC
chr18	78708000	78711000	NPC
chr18	78712000	78718000	NPC
chr18	78719000	78720000	NPC
chr18	78721000	78725000	NPC
chr18	78727000	78730000	NPC
chr18	78731000	78732000	NPC
chr18	78734000	78735000	NPC
chr18	80209000	80210000	ESC
chr18	80211000	80212000	ESC
chr18	80277000	80278000	ESC
chr18	80418000	80420000	ESC
chr18	80456000	80459000	ESC
chr18	80483000	80486000	ESC
chr18	80523000	80524000	ESC
chr18	80525000	80526000	ESC
chr18	80765000	80766000	ESC
chr18	80771000	80773000	ESC
chr18	80797000	80798000	ESC
chr18	80803000	80804000	ESC
chr18	80807000	80808000	ESC
chr18	80859000	80860000	ESC
chr18	80861000	80863000	ESC
chr18	80868000	80879000	ESC
chr18	81132000	81137000	ESC
chr18	81142000	81144000	ESC
chr18	81146000	81154000	ESC
chr18	81158000	81159000	ESC
chr18	81161000	81162000	ESC
chr18	81367000	81368000	ESC
chr18	82539000	82542000	ESC
chr18	82607000	82610000	ESC
chr18	82718000	82720000	ESC
chr18	83043000	83048000	ESC
chr18	84218000	84219000	ESC
chr18	84220000	84222000	ESC
chr18	84223000	84227000	ESC
chr18	84864000	84865000	ESC
chr18	86527000	86531000	ESC
chr18	86710000	86712000	NPC
chr18	86714000	86716000	NPC
chr18	86768000	86769000	NPC
chr18	86771000	86776000	NPC
chr18	86779000	86781000	NPC
chr18	86782000	86783000	NPC
chr18	86784000	86785000	NPC
chr18	86789000	86790000	NPC
chr18	86805000	86807000	NPC
chr18	86933000	86934000	NPC
chr18	86992000	86993000	NPC
chr18	86994000	86995000	NPC
chr18	87008000	87009000	NPC
chr18	87028000	87029000	NPC
chr18	88126000	88128000	NPC
chr18	88129000	88130000	NPC
chr18	88133000	88134000	NPC
chr18	88135000	88136000	NPC
chr18	88197000	88198000	NPC
chr18	88201000	88202000	NPC
chr18	88304000	88305000	NPC
chr18	88319000	88320000	NPC
chr18	88365000	88366000	NPC
chr18	88408000	88409000	NPC
chr18	88411000	88412000	NPC
chr18	88456000	88457000	NPC
chr18	88491000	88492000	NPC
chr18	88523000	88524000	NPC
chr18	88557000	88558000	NPC
chr18	88574000	88575000	NPC
chr18	88590000	88591000	NPC
chr18	88593000	88595000	NPC
chr18	89903000	89904000	ESC
chr19	3410000	3411000	ESC
chr19	3413000	3416000	ESC
chr19	4100000	4102000	ESC
chr19	4697000	4699000	ESC
chr19	4985000	4987000	ESC
chr19	4988000	4990000	ESC
chr19	4991000	4992000	ESC
chr19	5068000	5070000	ESC
chr19	5307000	5309000	ESC
chr19	5448000	5450000	ESC
chr19	5742000	5743000	ESC
chr19	5744000	5746000	ESC
chr19	5750000	5752000	ESC
chr19	5755000	5758000	ESC
chr19	6183000	6185000	ESC
chr19	6419000	6422000	ESC
chr19	6427000	6428000	ESC
chr19	6493000	6501000	ESC
chr19	6503000	6504000	ESC
chr19	6531000	6533000	ESC
chr19	6896000	6899000	ESC
chr19	6906000	6909000	ESC
chr19	6915000	6918000	ESC
chr19	6991000	6995000	ESC
chr19	7000000	7002000	ESC
chr19	7489000	7491000	ESC
chr19	7748000	7749000	NPC
chr19	7752000	7753000	NPC
chr19	7755000	7756000	NPC
chr19	7757000	7759000	NPC
chr19	7762000	7763000	NPC
chr19	7764000	7765000	NPC
chr19	8729000	8730000	ESC
chr19	10107000	10111000	ESC
chr19	10329000	10330000	ESC
chr19	10369000	10370000	ESC
chr19	10371000	10372000	ESC
chr19	10373000	10374000	ESC
chr19	10454000	10455000	ESC
chr19	10489000	10492000	ESC
chr19	10499000	10502000	ESC
chr19	10520000	10522000	ESC
chr19	10545000	10546000	ESC
chr19	10701000	10703000	ESC
chr19	10910000	10911000	ESC
chr19	11007000	11009000	ESC
chr19	12106000	12107000	NPC
chr19	12108000	12109000	NPC
chr19	12152000	12153000	NPC
chr19	12154000	12155000	NPC
chr19	12156000	12157000	NPC
chr19	12158000	12161000	NPC
chr19	12167000	12168000	NPC
chr19	12169000	12171000	NPC
chr19	12187000	12188000	NPC
chr19	12189000	12191000	NPC
chr19	12192000	12193000	NPC
chr19	12200000	12201000	NPC
chr19	12224000	12225000	NPC
chr19	12319000	12320000	NPC
chr19	12385000	12386000	NPC
chr19	12400000	12401000	NPC
chr19	12402000	12403000	NPC
chr19	12451000	12452000	NPC
chr19	12454000	12455000	NPC
chr19	12461000	12463000	NPC
chr19	12567000	12568000	ESC
chr19	12597000	12600000	NPC
chr19	12663000	12664000	ESC
chr19	12716000	12719000	NPC
chr19	12734000	12735000	NPC
chr19	12737000	12740000	NPC
chr19	12741000	12743000	NPC
chr19	12746000	12749000	NPC
chr19	12752000	12753000	NPC
chr19	12761000	12763000	NPC
chr19	12764000	12765000	NPC
chr19	12768000	12770000	NPC
chr19	12771000	12772000	NPC
chr19	12775000	12779000	NPC
chr19	12780000	12781000	NPC
chr19	12782000	12786000	NPC
chr19	12911000	12913000	NPC
chr19	13234000	13235000	NPC
chr19	13435000	13437000	NPC
chr19	13440000	13441000	NPC
chr19	13465000	13466000	NPC
chr19	13531000	13532000	NPC
chr19	13785000	13786000	NPC
chr19	13807000	13808000	NPC
chr19	13809000	13810000	NPC
chr19	13812000	13813000	NPC
chr19	13921000	13923000	NPC
chr19	13951000	13952000	NPC
chr19	13956000	13957000	NPC
chr19	13963000	13965000	NPC
chr19	14046000	14047000	NPC
chr19	14954000	14957000	NPC
chr19	16503000	16505000	ESC
chr19	16937000	16938000	ESC
chr19	17903000	17905000	ESC
chr19	17927000	17931000	NPC
chr19	18815000	18817000	ESC
chr19	19175000	19178000	ESC
chr19	22765000	22769000	NPC
chr19	22770000	22771000	NPC
chr19	23514000	23516000	ESC
chr19	23826000	23827000	ESC
chr19	23958000	23962000	ESC
chr19	24097000	24098000	ESC
chr19	24143000	24144000	ESC
chr19	24928000	24930000	ESC
chr19	26204000	26206000	NPC
chr19	26208000	26210000	NPC
chr19	26211000	26212000	NPC
chr19	26213000	26214000	NPC
chr19	26671000	26675000	ESC
chr19	27284000	27286000	ESC
chr19	28728000	28729000	ESC
chr19	28744000	28746000	ESC
chr19	28900000	28902000	ESC
chr19	29253000	29254000	ESC
chr19	30091000	30095000	ESC
chr19	30096000	30097000	ESC
chr19	30614000	30615000	ESC
chr19	31730000	31731000	ESC
chr19	31830000	31831000	ESC
chr19	32453000	32454000	ESC
chr19	32661000	32663000	ESC
chr19	35417000	35418000	NPC
chr19	35430000	35431000	NPC
chr19	35471000	35472000	NPC
chr19	35479000	35480000	NPC
chr19	35483000	35484000	NPC
chr19	35545000	35547000	NPC
chr19	35564000	35565000	NPC
chr19	35593000	35594000	NPC
chr19	35599000	35600000	NPC
chr19	35607000	35609000	NPC
chr19	35930000	35931000	NPC
chr19	35942000	35943000	NPC
chr19	36413000	36414000	ESC
chr19	36620000	36621000	ESC
chr19	37238000	37241000	ESC
chr19	37298000	37300000	ESC
chr19	37751000	37757000	ESC
chr19	37758000	37760000	ESC
chr19	37763000	37764000	ESC
chr19	37947000	37949000	ESC
chr19	38546000	38547000	ESC
chr19	41258000	41261000	ESC
chr19	41438000	41440000	ESC
chr19	41795000	41797000	ESC
chr19	41884000	41885000	ESC
chr19	42093000	42094000	ESC
chr19	42095000	42096000	ESC
chr19	42252000	42256000	ESC
chr19	42257000	42258000	ESC
chr19	42322000	42323000	ESC
chr19	43234000	43237000	NPC
chr19	43239000	43240000	NPC
chr19	43242000	43243000	NPC
chr19	43247000	43249000	NPC
chr19	43250000	43251000	NPC
chr19	43254000	43255000	NPC
chr19	43271000	43273000	NPC
chr19	43280000	43282000	NPC
chr19	43314000	43315000	NPC
chr19	43448000	43453000	NPC
chr19	43454000	43457000	NPC
chr19	43462000	43463000	NPC
chr19	43480000	43481000	ESC
chr19	44039000	44040000	ESC
chr19	44563000	44564000	ESC
chr19	45078000	45083000	ESC
chr19	45091000	45096000	ESC
chr19	45118000	45120000	ESC
chr19	45129000	45135000	ESC
chr19	45205000	45206000	ESC
chr19	45209000	45214000	ESC
chr19	45277000	45279000	ESC
chr19	45289000	45290000	ESC
chr19	45354000	45357000	ESC
chr19	45594000	45595000	ESC
chr19	45729000	45730000	ESC
chr19	45787000	45796000	ESC
chr19	45798000	45799000	ESC
chr19	46184000	46192000	ESC
chr19	46197000	46202000	ESC
chr19	46368000	46370000	ESC
chr19	46376000	46379000	ESC
chr19	47305000	47307000	ESC
chr19	47396000	47398000	ESC
chr19	49866000	49867000	NPC
chr19	49872000	49873000	NPC
chr19	49884000	49885000	NPC
chr19	50731000	50732000	ESC
chr19	53193000	53195000	ESC
chr19	53312000	53313000	ESC
chr19	53729000	53732000	ESC
chr19	54098000	54102000	ESC
chr19	54886000	54888000	NPC
chr19	54889000	54892000	NPC
chr19	54895000	54896000	NPC
chr19	56449000	56451000	ESC
chr19	56773000	56778000	ESC
chr19	56879000	56881000	ESC
chr19	57061000	57062000	ESC
chr19	57367000	57369000	ESC
chr19	57575000	57578000	ESC
chr19	57579000	57580000	ESC
chr19	58506000	58510000	ESC
chr19	59003000	59004000	ESC
chr19	59128000	59130000	ESC
chr19	59220000	59228000	ESC
chr19	59246000	59250000	ESC
chr19	59313000	59315000	ESC
chr19	59503000	59507000	ESC
chr19	59508000	59525000	ESC
chr19	60521000	60523000	ESC
chr2	4317000	4320000	ESC
chr2	4466000	4467000	ESC
chr2	5630000	5631000	ESC
chr2	6017000	6019000	ESC
chr2	8602000	8603000	NPC
chr2	8606000	8607000	NPC
chr2	8620000	8621000	NPC
chr2	8623000	8624000	NPC
chr2	8648000	8649000	NPC
chr2	8650000	8654000	NPC
chr2	8655000	8669000	NPC
chr2	8670000	8671000	NPC
chr2	8672000	8674000	NPC
chr2	8675000	8676000	NPC
chr2	8677000	8678000	NPC
chr2	8679000	8680000	NPC
chr2	8763000	8764000	NPC
chr2	8768000	8769000	NPC
chr2	8770000	8771000	NPC
chr2	8773000	8774000	NPC
chr2	8783000	8785000	NPC
chr2	8786000	8790000	NPC
chr2	8792000	8793000	NPC
chr2	8825000	8826000	NPC
chr2	8836000	8837000	NPC
chr2	8841000	8843000	NPC
chr2	8853000	8854000	NPC
chr2	8859000	8860000	NPC
chr2	8864000	8869000	NPC
chr2	8872000	8875000	NPC
chr2	8876000	8878000	NPC
chr2	8879000	8882000	NPC
chr2	8954000	8955000	NPC
chr2	8963000	8965000	NPC
chr2	8967000	8968000	NPC
chr2	8970000	8971000	NPC
chr2	8972000	8973000	NPC
chr2	8978000	8980000	NPC
chr2	9788000	9806000	ESC
chr2	9809000	9810000	ESC
chr2	9813000	9816000	ESC
chr2	10149000	10150000	ESC
chr2	10292000	10295000	ESC
chr2	11421000	11423000	ESC
chr2	11470000	11473000	ESC
chr2	11623000	11627000	ESC
chr2	12927000	12930000	ESC
chr2	13492000	13493000	ESC
chr2	14521000	14525000	ESC
chr2	15478000	15479000	NPC
chr2	15482000	15483000	NPC
chr2	15535000	15536000	NPC
chr2	15537000	15538000	NPC
chr2	15539000	15541000	NPC
chr2	15543000	15544000	NPC
chr2	15582000	15583000	NPC
chr2	15589000	15590000	NPC
chr2	15594000	15595000	NPC
chr2	17943000	17945000	ESC
chr2	17948000	17950000	ESC
chr2	17954000	17960000	ESC
chr2	17963000	17967000	ESC
chr2	18525000	18528000	ESC
chr2	18593000	18594000	ESC
chr2	18598000	18602000	ESC
chr2	18604000	18614000	ESC
chr2	18615000	18618000	ESC
chr2	18717000	18720000	ESC
chr2	18914000	18915000	ESC
chr2	21059000	21061000	ESC
chr2	21286000	21287000	ESC
chr2	22471000	22476000	ESC
chr2	22625000	22627000	ESC
chr2	24190000	24191000	ESC
chr2	24226000	24228000	ESC
chr2	24295000	24299000	ESC
chr2	24427000	24428000	ESC
chr2	24500000	24502000	ESC
chr2	24877000	24879000	ESC
chr2	24881000	24882000	ESC
chr2	25246000	25248000	ESC
chr2	25398000	25402000	ESC
chr2	25437000	25441000	ESC
chr2	25686000	25688000	ESC
chr2	25699000	25702000	ESC
chr2	25913000	25914000	ESC
chr2	25943000	25945000	ESC
chr2	26138000	26139000	ESC
chr2	27499000	27501000	ESC
chr2	28268000	28270000	ESC
chr2	28730000	28742000	ESC
chr2	29017000	29018000	ESC
chr2	29071000	29077000	ESC
chr2	29665000	29670000	ESC
chr2	30427000	30429000	ESC
chr2	30438000	30439000	ESC
chr2	30498000	30500000	ESC
chr2	30592000	30593000	ESC
chr2	30623000	30624000	ESC
chr2	31066000	31068000	ESC
chr2	31136000	31137000	ESC
chr2	31644000	31645000	ESC
chr2	31709000	31710000	ESC
chr2	31773000	31774000	ESC
chr2	31891000	31892000	ESC
chr2	33365000	33369000	ESC
chr2	33382000	33412000	ESC
chr2	33413000	33414000	ESC
chr2	33418000	33420000	ESC
chr2	33427000	33430000	ESC
chr2	33432000	33472000	ESC
chr2	33788000	33789000	ESC
chr2	34394000	34395000	ESC
chr2	34728000	34729000	ESC
chr2	35077000	35080000	ESC
chr2	35103000	35105000	ESC
chr2	35403000	35407000	ESC
chr2	35408000	35409000	ESC
chr2	35410000	35411000	ESC
chr2	35702000	35703000	ESC
chr2	35716000	35717000	ESC
chr2	35718000	35719000	ESC
chr2	35833000	35835000	ESC
chr2	35923000	35925000	ESC
chr2	36018000	36027000	ESC
chr2	36032000	36034000	ESC
chr2	37599000	37600000	ESC
chr2	37607000	37619000	ESC
chr2	38158000	38162000	ESC
chr2	38169000	38183000	ESC
chr2	38185000	38186000	ESC
chr2	38189000	38190000	ESC
chr2	38194000	38196000	ESC
chr2	38480000	38481000	ESC
chr2	38516000	38517000	ESC
chr2	38530000	38537000	ESC
chr2	42474000	42476000	ESC
chr2	44378000	44381000	ESC
chr2	44810000	44812000	ESC
chr2	44927000	44937000	ESC
chr2	49395000	49398000	NPC
chr2	49399000	49400000	NPC
chr2	49402000	49404000	NPC
chr2	49451000	49455000	NPC
chr2	49464000	49485000	NPC
chr2	49608000	49611000	ESC
chr2	50086000	50087000	ESC
chr2	51756000	51758000	ESC
chr2	52189000	52190000	ESC
chr2	52497000	52499000	ESC
chr2	53900000	53901000	ESC
chr2	54049000	54050000	NPC
chr2	54889000	54890000	NPC
chr2	54904000	54905000	NPC
chr2	54907000	54908000	NPC
chr2	54912000	54913000	NPC
chr2	54929000	54931000	NPC
chr2	54932000	54933000	NPC
chr2	54934000	54935000	NPC
chr2	54947000	54948000	NPC
chr2	54996000	54997000	NPC
chr2	55003000	55004000	NPC
chr2	55064000	55065000	NPC
chr2	55250000	55254000	ESC
chr2	55747000	55748000	NPC
chr2	55808000	55809000	NPC
chr2	55829000	55830000	NPC
chr2	55841000	55843000	NPC
chr2	55897000	55898000	NPC
chr2	55904000	55905000	NPC
chr2	55928000	55930000	NPC
chr2	56915000	56919000	ESC
chr2	56923000	56932000	ESC
chr2	58172000	58174000	ESC
chr2	60084000	60086000	ESC
chr2	61456000	61458000	ESC
chr2	61604000	61617000	ESC
chr2	62212000	62213000	ESC
chr2	64822000	64824000	ESC
chr2	65038000	65040000	ESC
chr2	68885000	68891000	NPC
chr2	70272000	70279000	ESC
chr2	70291000	70292000	ESC
chr2	70364000	70371000	ESC
chr2	70918000	70920000	ESC
chr2	71326000	71348000	ESC
chr2	71352000	71354000	ESC
chr2	71781000	71783000	ESC
chr2	72030000	72031000	ESC
chr2	72033000	72034000	ESC
chr2	72300000	72302000	ESC
chr2	73064000	73076000	ESC
chr2	73077000	73083000	ESC
chr2	73328000	73329000	ESC
chr2	73397000	73398000	ESC
chr2	74229000	74230000	NPC
chr2	74231000	74233000	NPC
chr2	74475000	74477000	ESC
chr2	74500000	74501000	ESC
chr2	74504000	74506000	ESC
chr2	74524000	74529000	ESC
chr2	74533000	74535000	ESC
chr2	74536000	74537000	ESC
chr2	74538000	74542000	ESC
chr2	74546000	74549000	ESC
chr2	74550000	74556000	ESC
chr2	76138000	76140000	ESC
chr2	76206000	76208000	ESC
chr2	79056000	79057000	ESC
chr2	79256000	79261000	ESC
chr2	80246000	80249000	ESC
chr2	84635000	84637000	ESC
chr2	84641000	84642000	ESC
chr2	84672000	84678000	ESC
chr2	84679000	84688000	ESC
chr2	85210000	85211000	NPC
chr2	85215000	85217000	NPC
chr2	85234000	85235000	NPC
chr2	85236000	85238000	NPC
chr2	85241000	85242000	NPC
chr2	85248000	85249000	NPC
chr2	85340000	85341000	NPC
chr2	85343000	85344000	NPC
chr2	85364000	85365000	NPC
chr2	85378000	85379000	NPC
chr2	85434000	85435000	NPC
chr2	85478000	85479000	NPC
chr2	85562000	85563000	NPC
chr2	85572000	85573000	NPC
chr2	85622000	85623000	NPC
chr2	85715000	85716000	NPC
chr2	85721000	85722000	NPC
chr2	85748000	85749000	NPC
chr2	85785000	85787000	NPC
chr2	85890000	85891000	NPC
chr2	87615000	87616000	NPC
chr2	87743000	87744000	NPC
chr2	87804000	87805000	NPC
chr2	88126000	88127000	NPC
chr2	88136000	88137000	NPC
chr2	90378000	90381000	ESC
chr2	90684000	90685000	ESC
chr2	90689000	90693000	ESC
chr2	90843000	90844000	ESC
chr2	90879000	90880000	ESC
chr2	90886000	90887000	ESC
chr2	90888000	90889000	ESC
chr2	90897000	90899000	ESC
chr2	90932000	90934000	ESC
chr2	90991000	90992000	ESC
chr2	91056000	91058000	ESC
chr2	91259000	91260000	ESC
chr2	91721000	91725000	ESC
chr2	91729000	91730000	ESC
chr2	91775000	91778000	ESC
chr2	91860000	91861000	ESC
chr2	92260000	92261000	ESC
chr2	92414000	92416000	ESC
chr2	92775000	92778000	ESC
chr2	92815000	92816000	ESC
chr2	93261000	93263000	ESC
chr2	93441000	93443000	ESC
chr2	93444000	93450000	ESC
chr2	93755000	93760000	ESC
chr2	94039000	94042000	ESC
chr2	94044000	94052000	ESC
chr2	94062000	94063000	ESC
chr2	94073000	94076000	ESC
chr2	94092000	94093000	ESC
chr2	98695000	98696000	NPC
chr2	98740000	98741000	NPC
chr2	98827000	98828000	NPC
chr2	98834000	98835000	NPC
chr2	100015000	100016000	NPC
chr2	100042000	100043000	NPC
chr2	100060000	100061000	NPC
chr2	100099000	100100000	NPC
chr2	100115000	100117000	NPC
chr2	100202000	100203000	NPC
chr2	100596000	100597000	NPC
chr2	100665000	100666000	NPC
chr2	100716000	100717000	NPC
chr2	100754000	100755000	NPC
chr2	100765000	100766000	NPC
chr2	100781000	100782000	NPC
chr2	100815000	100816000	NPC
chr2	100836000	100837000	NPC
chr2	100840000	100841000	NPC
chr2	100862000	100863000	NPC
chr2	100864000	100865000	NPC
chr2	100873000	100875000	NPC
chr2	100877000	100878000	NPC
chr2	100881000	100883000	NPC
chr2	100970000	100973000	NPC
chr2	100974000	100981000	NPC
chr2	100983000	100984000	NPC
chr2	101006000	101007000	NPC
chr2	101521000	101522000	ESC
chr2	101596000	101599000	ESC
chr2	102250000	102252000	ESC
chr2	102458000	102461000	ESC
chr2	102702000	102703000	ESC
chr2	103367000	103369000	ESC
chr2	103682000	103683000	ESC
chr2	103700000	103701000	ESC
chr2	103770000	103772000	ESC
chr2	103773000	103774000	ESC
chr2	104482000	104483000	ESC
chr2	104923000	104937000	ESC
chr2	105025000	105026000	ESC
chr2	105173000	105174000	ESC
chr2	105460000	105465000	ESC
chr2	105466000	105490000	ESC
chr2	106496000	106497000	ESC
chr2	109494000	109496000	ESC
chr2	110163000	110164000	ESC
chr2	110836000	110837000	NPC
chr2	110850000	110851000	NPC
chr2	110860000	110863000	NPC
chr2	110873000	110874000	NPC
chr2	110880000	110881000	NPC
chr2	110884000	110885000	NPC
chr2	110893000	110897000	NPC
chr2	110898000	110899000	NPC
chr2	110907000	110909000	NPC
chr2	110914000	110916000	NPC
chr2	110926000	110927000	NPC
chr2	110932000	110935000	NPC
chr2	110938000	110939000	NPC
chr2	110945000	110948000	NPC
chr2	110953000	110954000	NPC
chr2	110955000	110956000	NPC
chr2	110992000	110993000	NPC
chr2	110995000	110996000	NPC
chr2	111033000	111034000	NPC
chr2	111060000	111061000	NPC
chr2	111105000	111106000	NPC
chr2	111275000	111276000	NPC
chr2	113018000	113019000	ESC
chr2	113134000	113135000	ESC
chr2	115544000	115553000	ESC
chr2	115576000	115577000	ESC
chr2	115748000	115749000	ESC
chr2	115752000	115768000	ESC
chr2	116242000	116243000	ESC
chr2	116244000	116250000	ESC
chr2	117032000	117036000	ESC
chr2	118064000	118067000	ESC
chr2	118366000	118370000	ESC
chr2	118387000	118407000	ESC
chr2	118435000	118442000	ESC
chr2	118448000	118452000	ESC
chr2	118480000	118484000	ESC
chr2	118579000	118581000	ESC
chr2	118583000	118584000	ESC
chr2	118586000	118588000	ESC
chr2	118589000	118595000	ESC
chr2	118607000	118608000	ESC
chr2	118664000	118669000	ESC
chr2	119014000	119016000	ESC
chr2	119434000	119436000	ESC
chr2	119450000	119452000	ESC
chr2	119936000	119937000	ESC
chr2	121048000	121051000	NPC
chr2	121983000	121985000	ESC
chr2	121987000	121994000	ESC
chr2	122004000	122007000	ESC
chr2	122159000	122160000	ESC
chr2	122302000	122303000	ESC
chr2	123781000	123783000	ESC
chr2	124300000	124304000	ESC
chr2	125196000	125199000	ESC
chr2	125364000	125365000	ESC
chr2	125412000	125416000	ESC
chr2	125419000	125420000	ESC
chr2	127025000	127030000	ESC
chr2	127117000	127118000	ESC
chr2	127170000	127178000	ESC
chr2	127179000	127180000	ESC
chr2	127196000	127198000	ESC
chr2	127202000	127203000	ESC
chr2	127213000	127214000	ESC
chr2	127231000	127233000	ESC
chr2	127421000	127422000	ESC
chr2	127814000	127817000	ESC
chr2	128554000	128557000	ESC
chr2	128564000	128566000	ESC
chr2	128728000	128731000	ESC
chr2	129282000	129287000	ESC
chr2	129985000	129993000	ESC
chr2	129994000	129996000	ESC
chr2	129999000	130000000	ESC
chr2	130051000	130054000	ESC
chr2	130056000	130059000	ESC
chr2	130266000	130275000	ESC
chr2	130325000	130329000	ESC
chr2	130333000	130334000	ESC
chr2	130729000	130735000	ESC
chr2	130744000	130747000	ESC
chr2	130753000	130756000	ESC
chr2	130765000	130768000	ESC
chr2	130817000	130819000	ESC
chr2	130833000	130837000	ESC
chr2	130863000	130864000	ESC
chr2	131184000	131185000	ESC
chr2	131211000	131213000	ESC
chr2	131237000	131240000	ESC
chr2	131241000	131245000	ESC
chr2	131250000	131254000	ESC
chr2	131644000	131645000	ESC
chr2	131719000	131721000	ESC
chr2	131722000	131724000	ESC
chr2	131731000	131732000	ESC
chr2	133244000	133247000	ESC
chr2	133252000	133253000	ESC
chr2	135742000	135744000	ESC
chr2	135749000	135752000	ESC
chr2	136058000	136060000	NPC
chr2	136068000	136069000	NPC
chr2	136806000	136808000	ESC
chr2	139294000	139299000	NPC
chr2	139368000	139370000	ESC
chr2	142124000	142128000	NPC
chr2	142130000	142134000	NPC
chr2	142384000	142385000	NPC
chr2	142386000	142390000	NPC
chr2	142391000	142393000	NPC
chr2	142395000	142402000	NPC
chr2	142403000	142405000	NPC
chr2	142406000	142410000	NPC
chr2	142415000	142417000	NPC
chr2	142418000	142419000	NPC
chr2	142420000	142423000	NPC
chr2	142424000	142429000	NPC
chr2	143552000	143554000	ESC
chr2	143835000	143836000	ESC
chr2	144858000	144860000	ESC
chr2	145908000	145913000	ESC
chr2	146518000	146520000	ESC
chr2	146523000	146532000	ESC
chr2	146781000	146786000	NPC
chr2	146793000	146794000	NPC
chr2	146795000	146798000	NPC
chr2	146799000	146800000	NPC
chr2	146802000	146804000	NPC
chr2	146866000	146891000	ESC
chr2	147071000	147074000	NPC
chr2	147075000	147076000	NPC
chr2	147139000	147143000	NPC
chr2	147167000	147169000	NPC
chr2	147170000	147175000	NPC
chr2	147176000	147177000	NPC
chr2	147180000	147182000	NPC
chr2	147183000	147190000	NPC
chr2	147191000	147192000	NPC
chr2	147193000	147194000	NPC
chr2	147195000	147196000	NPC
chr2	147200000	147201000	NPC
chr2	147203000	147206000	NPC
chr2	147218000	147219000	NPC
chr2	147220000	147221000	NPC
chr2	147222000	147229000	NPC
chr2	147239000	147240000	NPC
chr2	147242000	147244000	NPC
chr2	147245000	147246000	NPC
chr2	147325000	147329000	NPC
chr2	147331000	147332000	NPC
chr2	147335000	147336000	NPC
chr2	147338000	147340000	NPC
chr2	147352000	147355000	NPC
chr2	147357000	147360000	NPC
chr2	147361000	147363000	NPC
chr2	147371000	147376000	NPC
chr2	147377000	147378000	NPC
chr2	147379000	147384000	NPC
chr2	147385000	147386000	NPC
chr2	147389000	147392000	NPC
chr2	147394000	147396000	NPC
chr2	147397000	147398000	NPC
chr2	147719000	147720000	ESC
chr2	147721000	147723000	ESC
chr2	147724000	147725000	ESC
chr2	147728000	147741000	ESC
chr2	148086000	148090000	ESC
chr2	148097000	148100000	ESC
chr2	148617000	148618000	NPC
chr2	148620000	148621000	NPC
chr2	148638000	148641000	NPC
chr2	148686000	148687000	NPC
chr2	148694000	148695000	NPC
chr2	148703000	148704000	NPC
chr2	151285000	151286000	ESC
chr2	151323000	151325000	ESC
chr2	151394000	151396000	ESC
chr2	152319000	152320000	ESC
chr2	152325000	152327000	ESC
chr2	152826000	152832000	NPC
chr2	152833000	152836000	NPC
chr2	153138000	153139000	ESC
chr2	153183000	153184000	ESC
chr2	153339000	153340000	ESC
chr2	154092000	154094000	NPC
chr2	154241000	154242000	ESC
chr2	154243000	154244000	ESC
chr2	155197000	155198000	ESC
chr2	155319000	155325000	ESC
chr2	155747000	155748000	ESC
chr2	155756000	155758000	ESC
chr2	156467000	156468000	ESC
chr2	156768000	156770000	ESC
chr2	156771000	156775000	ESC
chr2	157592000	157593000	ESC
chr2	158301000	158304000	ESC
chr2	158305000	158307000	ESC
chr2	158360000	158361000	ESC
chr2	160052000	160059000	ESC
chr2	160228000	160229000	ESC
chr2	160471000	160472000	ESC
chr2	160473000	160474000	ESC
chr2	160599000	160604000	ESC
chr2	161259000	161261000	NPC
chr2	161262000	161263000	NPC
chr2	161264000	161269000	NPC
chr2	161270000	161271000	NPC
chr2	161349000	161358000	NPC
chr2	161359000	161361000	NPC
chr2	161364000	161366000	NPC
chr2	161367000	161368000	NPC
chr2	162893000	162898000	ESC
chr2	163066000	163069000	ESC
chr2	163549000	163550000	ESC
chr2	163609000	163610000	ESC
chr2	163855000	163858000	ESC
chr2	163859000	163862000	ESC
chr2	164084000	164086000	ESC
chr2	164088000	164089000	ESC
chr2	164090000	164098000	ESC
chr2	164105000	164107000	ESC
chr2	164177000	164179000	ESC
chr2	164467000	164470000	ESC
chr2	164549000	164551000	NPC
chr2	164552000	164553000	NPC
chr2	164640000	164642000	ESC
chr2	164686000	164690000	ESC
chr2	164801000	164805000	ESC
chr2	164834000	164835000	ESC
chr2	164837000	164838000	ESC
chr2	164859000	164860000	ESC
chr2	164863000	164864000	ESC
chr2	164867000	164870000	ESC
chr2	164885000	164888000	ESC
chr2	164922000	164927000	ESC
chr2	165163000	165165000	ESC
chr2	165195000	165197000	ESC
chr2	165237000	165238000	ESC
chr2	165254000	165255000	ESC
chr2	166795000	166797000	ESC
chr2	166837000	166838000	ESC
chr2	166878000	166880000	ESC
chr2	166881000	166882000	ESC
chr2	167218000	167220000	ESC
chr2	167232000	167234000	ESC
chr2	167771000	167775000	NPC
chr2	167953000	167955000	ESC
chr2	167960000	167961000	ESC
chr2	167967000	167968000	ESC
chr2	167969000	167970000	ESC
chr2	168453000	168461000	NPC
chr2	169325000	169326000	ESC
chr2	169576000	169579000	ESC
chr2	169785000	169786000	ESC
chr2	170015000	170016000	ESC
chr2	170017000	170018000	ESC
chr2	170102000	170103000	ESC
chr2	170177000	170181000	ESC
chr2	170186000	170190000	ESC
chr2	170423000	170424000	ESC
chr2	170465000	170466000	ESC
chr2	170556000	170557000	ESC
chr2	172380000	172383000	ESC
chr2	172432000	172433000	ESC
chr2	172580000	172581000	ESC
chr2	172761000	172763000	ESC
chr2	172814000	172816000	ESC
chr2	173158000	173160000	ESC
chr2	173227000	173230000	ESC
chr2	173763000	173764000	ESC
chr2	173969000	173972000	ESC
chr2	174287000	174288000	ESC
chr2	174402000	174405000	ESC
chr2	178050000	178052000	ESC
chr2	178260000	178265000	NPC
chr2	178266000	178271000	NPC
chr2	178278000	178280000	NPC
chr2	178281000	178284000	NPC
chr2	178285000	178289000	NPC
chr2	178290000	178295000	NPC
chr2	178297000	178298000	NPC
chr2	178299000	178301000	NPC
chr2	178302000	178304000	NPC
chr2	178308000	178309000	NPC
chr2	178310000	178317000	NPC
chr2	178318000	178325000	NPC
chr2	178326000	178329000	NPC
chr2	178330000	178334000	NPC
chr2	178341000	178345000	ESC
chr2	179370000	179375000	ESC
chr2	179953000	179954000	ESC
chr2	180429000	180431000	ESC
chr2	180526000	180531000	ESC
chr2	181085000	181088000	ESC
chr2	181140000	181143000	ESC
chr2	181149000	181150000	ESC
chr2	181235000	181237000	ESC
chr2	181386000	181388000	ESC
chr2	181389000	181390000	ESC
chr2	181625000	181627000	ESC
chr3	5194000	5195000	ESC
chr3	5198000	5199000	ESC
chr3	5630000	5631000	NPC
chr3	5669000	5670000	NPC
chr3	5736000	5742000	NPC
chr3	5745000	5746000	NPC
chr3	8489000	8499000	NPC
chr3	8504000	8505000	NPC
chr3	8506000	8509000	NPC
chr3	8510000	8511000	NPC
chr3	8512000	8513000	NPC
chr3	8516000	8517000	NPC
chr3	8521000	8522000	NPC
chr3	8523000	8524000	NPC
chr3	8648000	8649000	ESC
chr3	8750000	8753000	ESC
chr3	9234000	9235000	ESC
chr3	9995000	9996000	ESC
chr3	10684000	10685000	NPC
chr3	11236000	11238000	NPC
chr3	13461000	13462000	NPC
chr3	13463000	13466000	NPC
chr3	13469000	13470000	NPC
chr3	13471000	13473000	NPC
chr3	13928000	13930000	NPC
chr3	13933000	13934000	NPC
chr3	13940000	13941000	NPC
chr3	13997000	13998000	NPC
chr3	14016000	14017000	NPC
chr3	14020000	14021000	NPC
chr3	14863000	14865000	ESC
chr3	17514000	17515000	NPC
chr3	17516000	17517000	NPC
chr3	17520000	17523000	NPC
chr3	17536000	17537000	NPC
chr3	17632000	17633000	NPC
chr3	17714000	17715000	NPC
chr3	17719000	17720000	NPC
chr3	17776000	17777000	NPC
chr3	17781000	17782000	NPC
chr3	17790000	17792000	NPC
chr3	17793000	17794000	NPC
chr3	17796000	17798000	NPC
chr3	17803000	17804000	NPC
chr3	17805000	17806000	NPC
chr3	17807000	17808000	NPC
chr3	17809000	17816000	NPC
chr3	17817000	17818000	NPC
chr3	17819000	17820000	NPC
chr3	17827000	17828000	NPC
chr3	17839000	17840000	NPC
chr3	17858000	17859000	NPC
chr3	17978000	17981000	ESC
chr3	18071000	18072000	NPC
chr3	18817000	18818000	ESC
chr3	18894000	18896000	NPC
chr3	18897000	18898000	NPC
chr3	18899000	18903000	NPC
chr3	18904000	18907000	NPC
chr3	20346000	20348000	ESC
chr3	20530000	20531000	NPC
chr3	20547000	20548000	NPC
chr3	26344000	26345000	ESC
chr3	26522000	26525000	ESC
chr3	27563000	27564000	ESC
chr3	28129000	28131000	ESC
chr3	28453000	28456000	ESC
chr3	28842000	28843000	ESC
chr3	30695000	30706000	ESC
chr3	31339000	31342000	ESC
chr3	34832000	34834000	ESC
chr3	36413000	36415000	ESC
chr3	36711000	36715000	ESC
chr3	36881000	36883000	ESC
chr3	37254000	37256000	ESC
chr3	37540000	37542000	ESC
chr3	39076000	39081000	ESC
chr3	40723000	40724000	ESC
chr3	40805000	40807000	ESC
chr3	40841000	40842000	ESC
chr3	45472000	45479000	ESC
chr3	49852000	49854000	ESC
chr3	51650000	51651000	ESC
chr3	51788000	51789000	ESC
chr3	52094000	52095000	ESC
chr3	52124000	52125000	ESC
chr3	52191000	52193000	ESC
chr3	52299000	52300000	ESC
chr3	53129000	53132000	ESC
chr3	53735000	53737000	ESC
chr3	53739000	53740000	ESC
chr3	53741000	53744000	ESC
chr3	54721000	54722000	ESC
chr3	54842000	54844000	ESC
chr3	54885000	54886000	ESC
chr3	55330000	55331000	ESC
chr3	55867000	55873000	ESC
chr3	58778000	58781000	ESC
chr3	59093000	59094000	ESC
chr3	59095000	59096000	ESC
chr3	61091000	61092000	ESC
chr3	62427000	62429000	ESC
chr3	62690000	62693000	ESC
chr3	65195000	65198000	ESC
chr3	66307000	66310000	ESC
chr3	67029000	67031000	NPC
chr3	67032000	67033000	NPC
chr3	67066000	67067000	ESC
chr3	67462000	67463000	ESC
chr3	67602000	67604000	ESC
chr3	68155000	68160000	NPC
chr3	68162000	68165000	NPC
chr3	69405000	69407000	ESC
chr3	69948000	69950000	ESC
chr3	73139000	73144000	ESC
chr3	75294000	75295000	NPC
chr3	75297000	75298000	NPC
chr3	75302000	75303000	NPC
chr3	75946000	75947000	ESC
chr3	76042000	76044000	ESC
chr3	77030000	77032000	NPC
chr3	77034000	77035000	NPC
chr3	80886000	80888000	ESC
chr3	81000000	81001000	ESC
chr3	82160000	82161000	ESC
chr3	82230000	82232000	ESC
chr3	82633000	82635000	ESC
chr3	83214000	83216000	ESC
chr3	83576000	83578000	NPC
chr3	83579000	83580000	NPC
chr3	83596000	83598000	NPC
chr3	83600000	83603000	NPC
chr3	83849000	83850000	ESC
chr3	83852000	83854000	ESC
chr3	84390000	84391000	ESC
chr3	84564000	84568000	ESC
chr3	85972000	85973000	ESC
chr3	86633000	86634000	ESC
chr3	87831000	87832000	ESC
chr3	87838000	87841000	ESC
chr3	87842000	87845000	ESC
chr3	87853000	87854000	ESC
chr3	87864000	87866000	ESC
chr3	87868000	87869000	ESC
chr3	87888000	87889000	ESC
chr3	87890000	87891000	ESC
chr3	87895000	87898000	ESC
chr3	87899000	87900000	ESC
chr3	87935000	87937000	ESC
chr3	88033000	88036000	ESC
chr3	88038000	88039000	ESC
chr3	88043000	88046000	ESC
chr3	88056000	88059000	ESC
chr3	88062000	88073000	ESC
chr3	88074000	88075000	ESC
chr3	88077000	88078000	ESC
chr3	88081000	88090000	ESC
chr3	88108000	88111000	ESC
chr3	88285000	88306000	ESC
chr3	88324000	88329000	ESC
chr3	88339000	88342000	ESC
chr3	88451000	88452000	ESC
chr3	89174000	89176000	ESC
chr3	89233000	89235000	ESC
chr3	89321000	89322000	ESC
chr3	89323000	89325000	ESC
chr3	89404000	89409000	ESC
chr3	90550000	90552000	ESC
chr3	92165000	92168000	ESC
chr3	94447000	94451000	ESC
chr3	94457000	94458000	ESC
chr3	94483000	94485000	ESC
chr3	94486000	94490000	ESC
chr3	94497000	94499000	ESC
chr3	94564000	94565000	ESC
chr3	95226000	95227000	ESC
chr3	95257000	95259000	ESC
chr3	95644000	95645000	ESC
chr3	95989000	95990000	ESC
chr3	96058000	96059000	ESC
chr3	96078000	96083000	ESC
chr3	96270000	96271000	ESC
chr3	96560000	96561000	ESC
chr3	96613000	96614000	ESC
chr3	96683000	96684000	ESC
chr3	97951000	97952000	ESC
chr3	98468000	98470000	ESC
chr3	98512000	98515000	ESC
chr3	99364000	99366000	ESC
chr3	99367000	99390000	ESC
chr3	102139000	102143000	ESC
chr3	102144000	102146000	ESC
chr3	102600000	102601000	ESC
chr3	102863000	102866000	ESC
chr3	103064000	103066000	ESC
chr3	103705000	103709000	ESC
chr3	103863000	103864000	ESC
chr3	105088000	105095000	ESC
chr3	105579000	105584000	ESC
chr3	105586000	105588000	ESC
chr3	106144000	106148000	NPC
chr3	106149000	106152000	NPC
chr3	106255000	106257000	NPC
chr3	106258000	106262000	NPC
chr3	106275000	106277000	NPC
chr3	106279000	106280000	NPC
chr3	106282000	106283000	NPC
chr3	106286000	106287000	NPC
chr3	106289000	106293000	NPC
chr3	106298000	106299000	NPC
chr3	106325000	106326000	NPC
chr3	106329000	106330000	NPC
chr3	106332000	106333000	NPC
chr3	106335000	106336000	NPC
chr3	106339000	106341000	NPC
chr3	106343000	106345000	NPC
chr3	106349000	106351000	NPC
chr3	106353000	106358000	NPC
chr3	106360000	106362000	NPC
chr3	106387000	106388000	NPC
chr3	106389000	106390000	NPC
chr3	106401000	106403000	NPC
chr3	106408000	106410000	NPC
chr3	106412000	106413000	NPC
chr3	106424000	106425000	NPC
chr3	106428000	106429000	NPC
chr3	106433000	106434000	NPC
chr3	106435000	106436000	NPC
chr3	106577000	106578000	NPC
chr3	106580000	106581000	NPC
chr3	106584000	106585000	NPC
chr3	106586000	106589000	NPC
chr3	106590000	106593000	NPC
chr3	106891000	106892000	NPC
chr3	106913000	106915000	NPC
chr3	106926000	106927000	NPC
chr3	106937000	106938000	NPC
chr3	106948000	106949000	NPC
chr3	107230000	107232000	ESC
chr3	107714000	107715000	ESC
chr3	107722000	107723000	ESC
chr3	107724000	107729000	ESC
chr3	107887000	107889000	ESC
chr3	107957000	107958000	ESC
chr3	108001000	108002000	ESC
chr3	108007000	108008000	ESC
chr3	108502000	108503000	ESC
chr3	108525000	108527000	ESC
chr3	108530000	108532000	ESC
chr3	108534000	108536000	ESC
chr3	108542000	108544000	ESC
chr3	109068000	109070000	ESC
chr3	109155000	109156000	ESC
chr3	109250000	109251000	ESC
chr3	109469000	109470000	ESC
chr3	114319000	114320000	NPC
chr3	114559000	114560000	NPC
chr3	114689000	114691000	NPC
chr3	116245000	116246000	ESC
chr3	117352000	117353000	ESC
chr3	117567000	117568000	ESC
chr3	121254000	121256000	ESC
chr3	122722000	122723000	ESC
chr3	123438000	123439000	ESC
chr3	124313000	124314000	ESC
chr3	126355000	126357000	ESC
chr3	127153000	127155000	ESC
chr3	127781000	127783000	ESC
chr3	129194000	129202000	ESC
chr3	129207000	129211000	ESC
chr3	129212000	129214000	ESC
chr3	129218000	129219000	ESC
chr3	129961000	129962000	ESC
chr3	130169000	130171000	ESC
chr3	130934000	130936000	ESC
chr3	131095000	131104000	ESC
chr3	131131000	131132000	ESC
chr3	132022000	132025000	ESC
chr3	132799000	132802000	ESC
chr3	132886000	132887000	ESC
chr3	134176000	134179000	ESC
chr3	134766000	134767000	ESC
chr3	135762000	135765000	ESC
chr3	137559000	137562000	ESC
chr3	138002000	138008000	ESC
chr3	138678000	138680000	ESC
chr3	141402000	141405000	ESC
chr3	143037000	143038000	ESC
chr3	144305000	144306000	ESC
chr3	144333000	144335000	ESC
chr3	145230000	145232000	ESC
chr3	145571000	145572000	ESC
chr3	145589000	145591000	ESC
chr3	145695000	145697000	ESC
chr3	146054000	146056000	ESC
chr3	146087000	146088000	ESC
chr3	146622000	146624000	ESC
chr3	152045000	152046000	ESC
chr3	152103000	152104000	ESC
chr3	152606000	152607000	ESC
chr3	153912000	153913000	ESC
chr3	154699000	154700000	ESC
chr3	156496000	156499000	ESC
chr3	157502000	157504000	ESC
chr3	158495000	158498000	ESC
chr3	159775000	159776000	ESC
chr4	3605000	3608000	ESC
chr4	3818000	3820000	NPC
chr4	3821000	3822000	NPC
chr4	3823000	3832000	NPC
chr4	3833000	3847000	NPC
chr4	3848000	3865000	NPC
chr4	3866000	3868000	NPC
chr4	6892000	6893000	ESC
chr4	6897000	6898000	ESC
chr4	6916000	6918000	ESC
chr4	9770000	9775000	ESC
chr4	9785000	9787000	ESC
chr4	11313000	11316000	NPC
chr4	11630000	11634000	ESC
chr4	13524000	13531000	NPC
chr4	13532000	13534000	NPC
chr4	13535000	13538000	NPC
chr4	13539000	13540000	NPC
chr4	13542000	13543000	NPC
chr4	13575000	13576000	NPC
chr4	15075000	15076000	ESC
chr4	17780000	17781000	ESC
chr4	20868000	20870000	ESC
chr4	21618000	21619000	NPC
chr4	21620000	21622000	NPC
chr4	22567000	22573000	ESC
chr4	22577000	22591000	ESC
chr4	26683000	26685000	NPC
chr4	26686000	26687000	NPC
chr4	26774000	26776000	NPC
chr4	26783000	26784000	NPC
chr4	26951000	26952000	NPC
chr4	26958000	26959000	NPC
chr4	26984000	26985000	NPC
chr4	27012000	27013000	NPC
chr4	27015000	27016000	NPC
chr4	27017000	27018000	NPC
chr4	27020000	27022000	NPC
chr4	27024000	27025000	NPC
chr4	27681000	27682000	NPC
chr4	27686000	27687000	NPC
chr4	27689000	27690000	NPC
chr4	27718000	27719000	NPC
chr4	27739000	27740000	NPC
chr4	27763000	27764000	NPC
chr4	27775000	27776000	NPC
chr4	27788000	27789000	NPC
chr4	27804000	27805000	NPC
chr4	28054000	28056000	NPC
chr4	28059000	28061000	NPC
chr4	28073000	28074000	NPC
chr4	28075000	28076000	NPC
chr4	28077000	28079000	NPC
chr4	28090000	28091000	NPC
chr4	28165000	28168000	NPC
chr4	32568000	32569000	ESC
chr4	33538000	33539000	ESC
chr4	34253000	34254000	ESC
chr4	38605000	38606000	NPC
chr4	41060000	41062000	NPC
chr4	41286000	41287000	ESC
chr4	41685000	41689000	ESC
chr4	41707000	41711000	ESC
chr4	41826000	41829000	ESC
chr4	43446000	43449000	ESC
chr4	43474000	43477000	ESC
chr4	43544000	43546000	ESC
chr4	43653000	43656000	ESC
chr4	43736000	43737000	ESC
chr4	44117000	44119000	ESC
chr4	45669000	45670000	ESC
chr4	45673000	45675000	ESC
chr4	45993000	45995000	ESC
chr4	46001000	46002000	ESC
chr4	46371000	46372000	ESC
chr4	46377000	46378000	ESC
chr4	46635000	46636000	ESC
chr4	46828000	46829000	ESC
chr4	47076000	47078000	ESC
chr4	47539000	47540000	ESC
chr4	48060000	48061000	ESC
chr4	48063000	48074000	ESC
chr4	49080000	49081000	ESC
chr4	49865000	49868000	ESC
chr4	50165000	50166000	NPC
chr4	50167000	50168000	NPC
chr4	50208000	50209000	NPC
chr4	50225000	50226000	NPC
chr4	50246000	50247000	NPC
chr4	50248000	50250000	NPC
chr4	50253000	50254000	NPC
chr4	50260000	50261000	NPC
chr4	50274000	50277000	NPC
chr4	50280000	50281000	NPC
chr4	50282000	50283000	NPC
chr4	50289000	50290000	NPC
chr4	50302000	50303000	NPC
chr4	50312000	50313000	NPC
chr4	50326000	50327000	NPC
chr4	50356000	50357000	NPC
chr4	50372000	50373000	NPC
chr4	50375000	50376000	NPC
chr4	50891000	50892000	NPC
chr4	50900000	50901000	NPC
chr4	50905000	50906000	NPC
chr4	50941000	50942000	NPC
chr4	50982000	50983000	NPC
chr4	51011000	51013000	NPC
chr4	51107000	51109000	NPC
chr4	51135000	51136000	NPC
chr4	51148000	51149000	NPC
chr4	51269000	51270000	NPC
chr4	51318000	51319000	NPC
chr4	51358000	51359000	NPC
chr4	51374000	51375000	NPC
chr4	51379000	51380000	NPC
chr4	51392000	51393000	NPC
chr4	51416000	51417000	NPC
chr4	51422000	51423000	NPC
chr4	51440000	51442000	NPC
chr4	51443000	51444000	NPC
chr4	51457000	51459000	NPC
chr4	51460000	51461000	NPC
chr4	51469000	51470000	NPC
chr4	51476000	51478000	NPC
chr4	51481000	51482000	NPC
chr4	51503000	51504000	NPC
chr4	51512000	51513000	NPC
chr4	51514000	51515000	NPC
chr4	51533000	51534000	NPC
chr4	51553000	51554000	NPC
chr4	51559000	51560000	NPC
chr4	51565000	51567000	NPC
chr4	51615000	51616000	NPC
chr4	51617000	51618000	NPC
chr4	51625000	51626000	NPC
chr4	51708000	51709000	NPC
chr4	51736000	51737000	NPC
chr4	51744000	51745000	NPC
chr4	52787000	52788000	NPC
chr4	52791000	52792000	NPC
chr4	52793000	52794000	NPC
chr4	52799000	52804000	NPC
chr4	52815000	52823000	NPC
chr4	52825000	52830000	NPC
chr4	52831000	52833000	NPC
chr4	52835000	52836000	NPC
chr4	52837000	52838000	NPC
chr4	52846000	52850000	NPC
chr4	52851000	52854000	NPC
chr4	52861000	52864000	NPC
chr4	52868000	52871000	NPC
chr4	52872000	52874000	NPC
chr4	52875000	52880000	NPC
chr4	52885000	52888000	NPC
chr4	52890000	52894000	NPC
chr4	52897000	52898000	NPC
chr4	55670000	55674000	ESC
chr4	57132000	57133000	ESC
chr4	57528000	57529000	ESC
chr4	57660000	57664000	ESC
chr4	58300000	58302000	ESC
chr4	59006000	59007000	ESC
chr4	59038000	59039000	ESC
chr4	59532000	59533000	ESC
chr4	60008000	60009000	ESC
chr4	61770000	61771000	ESC
chr4	62162000	62163000	ESC
chr4	62981000	62982000	ESC
chr4	63632000	63633000	NPC
chr4	63634000	63635000	NPC
chr4	63638000	63639000	NPC
chr4	63641000	63642000	NPC
chr4	64034000	64036000	NPC
chr4	64043000	64044000	NPC
chr4	64050000	64051000	NPC
chr4	64059000	64060000	NPC
chr4	64121000	64123000	NPC
chr4	64124000	64126000	NPC
chr4	64127000	64128000	NPC
chr4	64130000	64133000	NPC
chr4	64140000	64143000	NPC
chr4	64145000	64147000	NPC
chr4	64150000	64151000	NPC
chr4	64162000	64164000	NPC
chr4	64227000	64228000	NPC
chr4	64230000	64232000	NPC
chr4	64245000	64246000	NPC
chr4	64285000	64287000	NPC
chr4	64305000	64306000	NPC
chr4	64312000	64313000	NPC
chr4	64320000	64321000	NPC
chr4	64328000	64329000	NPC
chr4	64330000	64331000	NPC
chr4	64333000	64334000	NPC
chr4	64336000	64337000	NPC
chr4	64432000	64433000	NPC
chr4	64434000	64435000	NPC
chr4	64444000	64445000	NPC
chr4	65888000	65892000	ESC
chr4	66580000	66581000	NPC
chr4	66600000	66601000	NPC
chr4	66630000	66631000	NPC
chr4	66632000	66633000	NPC
chr4	66839000	66840000	NPC
chr4	66867000	66870000	NPC
chr4	66871000	66873000	NPC
chr4	66881000	66882000	NPC
chr4	66885000	66886000	NPC
chr4	66902000	66903000	NPC
chr4	70019000	70021000	ESC
chr4	71245000	71246000	NPC
chr4	71250000	71255000	NPC
chr4	71257000	71258000	NPC
chr4	71873000	71881000	NPC
chr4	73262000	73263000	ESC
chr4	73484000	73486000	ESC
chr4	75920000	75923000	ESC
chr4	77107000	77110000	NPC
chr4	77111000	77114000	NPC
chr4	77115000	77116000	NPC
chr4	77121000	77122000	NPC
chr4	77126000	77127000	NPC
chr4	77141000	77142000	NPC
chr4	77144000	77145000	NPC
chr4	77146000	77147000	NPC
chr4	77150000	77151000	NPC
chr4	77158000	77159000	NPC
chr4	77161000	77162000	NPC
chr4	77168000	77170000	NPC
chr4	77181000	77182000	NPC
chr4	77193000	77194000	NPC
chr4	77229000	77231000	NPC
chr4	77237000	77239000	NPC
chr4	77250000	77251000	NPC
chr4	77252000	77253000	NPC
chr4	77260000	77261000	NPC
chr4	77272000	77273000	NPC
chr4	77274000	77275000	NPC
chr4	77279000	77280000	NPC
chr4	77281000	77282000	NPC
chr4	77287000	77288000	NPC
chr4	77289000	77291000	NPC
chr4	77292000	77293000	NPC
chr4	77295000	77296000	NPC
chr4	77348000	77349000	NPC
chr4	77352000	77353000	NPC
chr4	78486000	78487000	NPC
chr4	78515000	78516000	NPC
chr4	78520000	78521000	NPC
chr4	78565000	78566000	NPC
chr4	78641000	78642000	NPC
chr4	78676000	78678000	NPC
chr4	78686000	78687000	NPC
chr4	78750000	78751000	NPC
chr4	78829000	78830000	NPC
chr4	79551000	79552000	NPC
chr4	79573000	79574000	NPC
chr4	79577000	79578000	NPC
chr4	79616000	79617000	NPC
chr4	79632000	79633000	NPC
chr4	79636000	79637000	NPC
chr4	79638000	79639000	NPC
chr4	79655000	79656000	NPC
chr4	79667000	79668000	NPC
chr4	79673000	79674000	NPC
chr4	79679000	79680000	NPC
chr4	79687000	79689000	NPC
chr4	79691000	79692000	NPC
chr4	79724000	79725000	NPC
chr4	79790000	79791000	NPC
chr4	79795000	79796000	NPC
chr4	79799000	79800000	NPC
chr4	80139000	80140000	NPC
chr4	80145000	80146000	NPC
chr4	80150000	80152000	NPC
chr4	80153000	80154000	NPC
chr4	80209000	80211000	NPC
chr4	80911000	80912000	ESC
chr4	82003000	82005000	ESC
chr4	82006000	82012000	ESC
chr4	84010000	84011000	NPC
chr4	84012000	84016000	NPC
chr4	84103000	84108000	NPC
chr4	84110000	84112000	NPC
chr4	84985000	84987000	ESC
chr4	87502000	87504000	ESC
chr4	88403000	88409000	NPC
chr4	88744000	88750000	ESC
chr4	88753000	88754000	ESC
chr4	88759000	88762000	ESC
chr4	88764000	88768000	ESC
chr4	88770000	88772000	ESC
chr4	88776000	88780000	ESC
chr4	88781000	88782000	ESC
chr4	90864000	90865000	ESC
chr4	94542000	94544000	ESC
chr4	94584000	94585000	ESC
chr4	97238000	97239000	ESC
chr4	97243000	97246000	ESC
chr4	97247000	97251000	ESC
chr4	97267000	97270000	ESC
chr4	97271000	97272000	ESC
chr4	100274000	100277000	ESC
chr4	100790000	100792000	ESC
chr4	102258000	102259000	ESC
chr4	103863000	103866000	ESC
chr4	105960000	105963000	ESC
chr4	106120000	106122000	ESC
chr4	106302000	106303000	ESC
chr4	106933000	106937000	ESC
chr4	106956000	106958000	ESC
chr4	107176000	107177000	ESC
chr4	107179000	107183000	ESC
chr4	107184000	107185000	ESC
chr4	107256000	107257000	ESC
chr4	107343000	107346000	ESC
chr4	107530000	107533000	ESC
chr4	107880000	107882000	ESC
chr4	108377000	108378000	ESC
chr4	108892000	108894000	ESC
chr4	108904000	108907000	ESC
chr4	109155000	109160000	ESC
chr4	109162000	109164000	ESC
chr4	109468000	109469000	ESC
chr4	109470000	109486000	ESC
chr4	113595000	113596000	NPC
chr4	113661000	113663000	NPC
chr4	113698000	113699000	NPC
chr4	114147000	114149000	ESC
chr4	114164000	114166000	ESC
chr4	114318000	114321000	ESC
chr4	114402000	114414000	ESC
chr4	114421000	114423000	ESC
chr4	114557000	114562000	ESC
chr4	114567000	114568000	ESC
chr4	115374000	115381000	ESC
chr4	115382000	115384000	ESC
chr4	115389000	115390000	ESC
chr4	115395000	115397000	ESC
chr4	115399000	115400000	ESC
chr4	115416000	115417000	ESC
chr4	115460000	115462000	ESC
chr4	115465000	115466000	ESC
chr4	115470000	115472000	ESC
chr4	115473000	115478000	ESC
chr4	118078000	118079000	ESC
chr4	118087000	118088000	ESC
chr4	118999000	119000000	ESC
chr4	119593000	119596000	ESC
chr4	119765000	119768000	ESC
chr4	120147000	120148000	ESC
chr4	120167000	120168000	ESC
chr4	120242000	120249000	ESC
chr4	120536000	120538000	ESC
chr4	120549000	120550000	ESC
chr4	122453000	122454000	ESC
chr4	122460000	122464000	ESC
chr4	122607000	122609000	ESC
chr4	122618000	122619000	ESC
chr4	122691000	122692000	ESC
chr4	122703000	122705000	ESC
chr4	122736000	122737000	ESC
chr4	122741000	122743000	ESC
chr4	122825000	122827000	ESC
chr4	123492000	123494000	ESC
chr4	123680000	123682000	ESC
chr4	123691000	123692000	ESC
chr4	123779000	123780000	ESC
chr4	124076000	124079000	ESC
chr4	124158000	124163000	ESC
chr4	124168000	124170000	ESC
chr4	124388000	124389000	ESC
chr4	124786000	124787000	ESC
chr4	124819000	124820000	ESC
chr4	125785000	125786000	ESC
chr4	125797000	125801000	ESC
chr4	125804000	125805000	ESC
chr4	125824000	125827000	ESC
chr4	126035000	126037000	ESC
chr4	126121000	126124000	ESC
chr4	126235000	126240000	ESC
chr4	127472000	127474000	ESC
chr4	127488000	127492000	ESC
chr4	128119000	128120000	ESC
chr4	128226000	128227000	ESC
chr4	128301000	128302000	ESC
chr4	128306000	128308000	ESC
chr4	128386000	128388000	ESC
chr4	128606000	128609000	ESC
chr4	128788000	128791000	ESC
chr4	128993000	128995000	ESC
chr4	129256000	129257000	ESC
chr4	129467000	129468000	ESC
chr4	129469000	129471000	ESC
chr4	129485000	129496000	ESC
chr4	129497000	129499000	ESC
chr4	129500000	129502000	ESC
chr4	129509000	129511000	ESC
chr4	129515000	129516000	ESC
chr4	129581000	129582000	ESC
chr4	129584000	129586000	ESC
chr4	129593000	129594000	ESC
chr4	129595000	129599000	ESC
chr4	129600000	129604000	ESC
chr4	129643000	129644000	ESC
chr4	129666000	129667000	ESC
chr4	129670000	129672000	ESC
chr4	129685000	129686000	ESC
chr4	130064000	130066000	ESC
chr4	130754000	130755000	ESC
chr4	131091000	131093000	ESC
chr4	131186000	131193000	ESC
chr4	131194000	131197000	ESC
chr4	131385000	131387000	ESC
chr4	132485000	132487000	ESC
chr4	132527000	132529000	ESC
chr4	133288000	133291000	NPC
chr4	133520000	133526000	ESC
chr4	133615000	133616000	ESC
chr4	133642000	133645000	ESC
chr4	133975000	133976000	ESC
chr4	134371000	134373000	ESC
chr4	134412000	134413000	ESC
chr4	134421000	134422000	ESC
chr4	134423000	134427000	ESC
chr4	134444000	134448000	ESC
chr4	134452000	134453000	ESC
chr4	134478000	134479000	ESC
chr4	135351000	135358000	ESC
chr4	135359000	135362000	ESC
chr4	135375000	135377000	ESC
chr4	135389000	135390000	ESC
chr4	135395000	135396000	ESC
chr4	135398000	135401000	ESC
chr4	135405000	135410000	ESC
chr4	135413000	135419000	ESC
chr4	135420000	135421000	ESC
chr4	135561000	135563000	ESC
chr4	135901000	135902000	ESC
chr4	135903000	135904000	ESC
chr4	135909000	135911000	ESC
chr4	136027000	136028000	ESC
chr4	136217000	136218000	ESC
chr4	136567000	136568000	ESC
chr4	136937000	136938000	ESC
chr4	136952000	136954000	ESC
chr4	137134000	137135000	ESC
chr4	137526000	137527000	ESC
chr4	137536000	137537000	ESC
chr4	138345000	138347000	ESC
chr4	138362000	138366000	ESC
chr4	138847000	138849000	ESC
chr4	139106000	139108000	ESC
chr4	139109000	139112000	ESC
chr4	139196000	139198000	ESC
chr4	139274000	139275000	ESC
chr4	140519000	140520000	ESC
chr4	140935000	140937000	ESC
chr4	141089000	141090000	ESC
chr4	141588000	141589000	ESC
chr4	142616000	142618000	ESC
chr4	146972000	146976000	ESC
chr4	147008000	147010000	ESC
chr4	147114000	147118000	ESC
chr4	147247000	147249000	ESC
chr4	147654000	147663000	NPC
chr4	147667000	147670000	NPC
chr4	147671000	147672000	NPC
chr4	147684000	147697000	NPC
chr4	147698000	147706000	NPC
chr4	147707000	147739000	NPC
chr4	147795000	147797000	ESC
chr4	148431000	148433000	ESC
chr4	148797000	148799000	ESC
chr4	148875000	148877000	ESC
chr4	148945000	148946000	ESC
chr4	149551000	149552000	ESC
chr4	149561000	149562000	ESC
chr4	149973000	149975000	ESC
chr4	149984000	149985000	ESC
chr4	150958000	150959000	ESC
chr4	150960000	150962000	ESC
chr4	150963000	150966000	ESC
chr4	150967000	150973000	ESC
chr4	151004000	151005000	ESC
chr4	151158000	151160000	ESC
chr4	151182000	151183000	ESC
chr4	151316000	151317000	ESC
chr4	151319000	151321000	ESC
chr4	151391000	151394000	ESC
chr4	152014000	152015000	ESC
chr4	152108000	152111000	ESC
chr4	152324000	152329000	ESC
chr4	152427000	152428000	ESC
chr4	152479000	152480000	ESC
chr4	152505000	152506000	ESC
chr4	152559000	152560000	ESC
chr4	152650000	152651000	ESC
chr4	152689000	152690000	ESC
chr4	152984000	152985000	ESC
chr4	153014000	153021000	ESC
chr4	153028000	153029000	ESC
chr4	153061000	153064000	ESC
chr4	153083000	153084000	ESC
chr4	153098000	153099000	ESC
chr4	153102000	153103000	ESC
chr4	153477000	153479000	ESC
chr4	153801000	153807000	ESC
chr4	153886000	153887000	ESC
chr4	154067000	154069000	ESC
chr4	154203000	154204000	NPC
chr4	154205000	154207000	NPC
chr4	154496000	154498000	ESC
chr4	154618000	154619000	ESC
chr4	154685000	154687000	ESC
chr5	4760000	4765000	ESC
chr5	6122000	6124000	NPC
chr5	6139000	6140000	NPC
chr5	6153000	6154000	NPC
chr5	6174000	6175000	NPC
chr5	7067000	7068000	NPC
chr5	7073000	7074000	NPC
chr5	7075000	7076000	NPC
chr5	8666000	8667000	ESC
chr5	8899000	8901000	ESC
chr5	9730000	9732000	ESC
chr5	12388000	12391000	ESC
chr5	13404000	13405000	ESC
chr5	17871000	17873000	ESC
chr5	18434000	18435000	NPC
chr5	18736000	18740000	ESC
chr5	20884000	20885000	ESC
chr5	21187000	21188000	ESC
chr5	22258000	22259000	ESC
chr5	23339000	23340000	ESC
chr5	23833000	23837000	ESC
chr5	23921000	23922000	ESC
chr5	23923000	23925000	ESC
chr5	23985000	23986000	ESC
chr5	24109000	24118000	ESC
chr5	24129000	24135000	ESC
chr5	24608000	24612000	ESC
chr5	26337000	26339000	ESC
chr5	27148000	27149000	ESC
chr5	27379000	27381000	ESC
chr5	27590000	27593000	ESC
chr5	28448000	28450000	ESC
chr5	28451000	28459000	ESC
chr5	28470000	28471000	ESC
chr5	28488000	28503000	ESC
chr5	28504000	28507000	ESC
chr5	28508000	28509000	ESC
chr5	28791000	28795000	ESC
chr5	29800000	29808000	ESC
chr5	29816000	29818000	ESC
chr5	30435000	30447000	ESC
chr5	30865000	30866000	ESC
chr5	30897000	30900000	ESC
chr5	30987000	30988000	ESC
chr5	30989000	30991000	ESC
chr5	32408000	32414000	ESC
chr5	32431000	32432000	ESC
chr5	33420000	33422000	ESC
chr5	33712000	33713000	ESC
chr5	33715000	33716000	ESC
chr5	33725000	33727000	ESC
chr5	33728000	33732000	ESC
chr5	33733000	33734000	ESC
chr5	33774000	33775000	ESC
chr5	33778000	33779000	ESC
chr5	33780000	33781000	ESC
chr5	33784000	33786000	ESC
chr5	33873000	33877000	ESC
chr5	33883000	33891000	ESC
chr5	33893000	33894000	ESC
chr5	33897000	33899000	ESC
chr5	33900000	33901000	ESC
chr5	33902000	33906000	ESC
chr5	33912000	33913000	ESC
chr5	34009000	34018000	ESC
chr5	34032000	34034000	ESC
chr5	34038000	34049000	ESC
chr5	34050000	34051000	ESC
chr5	34134000	34137000	ESC
chr5	34300000	34304000	ESC
chr5	34313000	34318000	ESC
chr5	34502000	34503000	ESC
chr5	35373000	35375000	ESC
chr5	35994000	35997000	ESC
chr5	36211000	36212000	ESC
chr5	36714000	36715000	ESC
chr5	36802000	36803000	ESC
chr5	38105000	38113000	ESC
chr5	38444000	38449000	ESC
chr5	38563000	38564000	ESC
chr5	38606000	38609000	ESC
chr5	39932000	39934000	ESC
chr5	41328000	41329000	NPC
chr5	42039000	42056000	ESC
chr5	44234000	44235000	ESC
chr5	44389000	44392000	ESC
chr5	45927000	45928000	ESC
chr5	46199000	46200000	NPC
chr5	46201000	46203000	NPC
chr5	46204000	46206000	NPC
chr5	46207000	46208000	NPC
chr5	46214000	46215000	NPC
chr5	46216000	46218000	NPC
chr5	46219000	46223000	NPC
chr5	46228000	46229000	NPC
chr5	46335000	46336000	NPC
chr5	46343000	46345000	NPC
chr5	46509000	46510000	NPC
chr5	46518000	46519000	NPC
chr5	46524000	46525000	NPC
chr5	46541000	46542000	NPC
chr5	46543000	46544000	NPC
chr5	46559000	46560000	NPC
chr5	48315000	48317000	NPC
chr5	48319000	48320000	NPC
chr5	48321000	48322000	NPC
chr5	48323000	48325000	NPC
chr5	48379000	48381000	NPC
chr5	48382000	48383000	NPC
chr5	48397000	48398000	NPC
chr5	48402000	48404000	NPC
chr5	48405000	48407000	NPC
chr5	48411000	48412000	NPC
chr5	48416000	48417000	NPC
chr5	48422000	48423000	NPC
chr5	48460000	48462000	NPC
chr5	48464000	48466000	NPC
chr5	48470000	48471000	NPC
chr5	48474000	48476000	NPC
chr5	48479000	48480000	NPC
chr5	48482000	48484000	NPC
chr5	48501000	48502000	NPC
chr5	48503000	48504000	NPC
chr5	48506000	48507000	NPC
chr5	48508000	48509000	NPC
chr5	48510000	48512000	NPC
chr5	48987000	48989000	NPC
chr5	49005000	49006000	NPC
chr5	49296000	49297000	NPC
chr5	49303000	49305000	NPC
chr5	49306000	49307000	NPC
chr5	49322000	49323000	NPC
chr5	50180000	50182000	NPC
chr5	50190000	50192000	NPC
chr5	50193000	50194000	NPC
chr5	50195000	50204000	NPC
chr5	50205000	50206000	NPC
chr5	50207000	50208000	NPC
chr5	50757000	50759000	NPC
chr5	50764000	50765000	NPC
chr5	50767000	50771000	NPC
chr5	50774000	50775000	NPC
chr5	50776000	50777000	NPC
chr5	50786000	50787000	NPC
chr5	50789000	50791000	NPC
chr5	50874000	50877000	NPC
chr5	52400000	52404000	ESC
chr5	52655000	52658000	ESC
chr5	52762000	52763000	ESC
chr5	52853000	52855000	ESC
chr5	53337000	53339000	ESC
chr5	53499000	53504000	ESC
chr5	53544000	53545000	ESC
chr5	53546000	53548000	ESC
chr5	54697000	54698000	NPC
chr5	54699000	54701000	NPC
chr5	54704000	54705000	NPC
chr5	54707000	54708000	NPC
chr5	54714000	54716000	NPC
chr5	54717000	54719000	NPC
chr5	54720000	54721000	NPC
chr5	54723000	54725000	NPC
chr5	54726000	54727000	NPC
chr5	54728000	54729000	NPC
chr5	54820000	54821000	NPC
chr5	54832000	54834000	NPC
chr5	54857000	54858000	NPC
chr5	54869000	54870000	NPC
chr5	54880000	54881000	NPC
chr5	54885000	54886000	NPC
chr5	54896000	54897000	NPC
chr5	54912000	54913000	NPC
chr5	54926000	54927000	NPC
chr5	54930000	54932000	NPC
chr5	58003000	58010000	ESC
chr5	58023000	58024000	ESC
chr5	58751000	58752000	NPC
chr5	58779000	58780000	NPC
chr5	58910000	58911000	NPC
chr5	58948000	58950000	NPC
chr5	58976000	58977000	NPC
chr5	59026000	59027000	NPC
chr5	59032000	59033000	NPC
chr5	59034000	59037000	NPC
chr5	59091000	59092000	NPC
chr5	59095000	59096000	NPC
chr5	62631000	62632000	NPC
chr5	62635000	62636000	NPC
chr5	62640000	62641000	NPC
chr5	62652000	62653000	NPC
chr5	62659000	62660000	NPC
chr5	62665000	62666000	NPC
chr5	62675000	62676000	NPC
chr5	62695000	62696000	NPC
chr5	62712000	62713000	NPC
chr5	62724000	62725000	NPC
chr5	62740000	62741000	NPC
chr5	62743000	62744000	NPC
chr5	64435000	64436000	ESC
chr5	64437000	64441000	ESC
chr5	66432000	66433000	ESC
chr5	67276000	67277000	ESC
chr5	67373000	67383000	ESC
chr5	67495000	67497000	ESC
chr5	67499000	67505000	ESC
chr5	67506000	67513000	ESC
chr5	67886000	67891000	ESC
chr5	68621000	68622000	NPC
chr5	68624000	68629000	NPC
chr5	68651000	68652000	NPC
chr5	68678000	68681000	NPC
chr5	68684000	68685000	NPC
chr5	68749000	68750000	NPC
chr5	68757000	68758000	NPC
chr5	68817000	68818000	NPC
chr5	68871000	68873000	NPC
chr5	68874000	68875000	NPC
chr5	68878000	68879000	NPC
chr5	68884000	68885000	NPC
chr5	68886000	68887000	NPC
chr5	68895000	68897000	NPC
chr5	68921000	68923000	NPC
chr5	69066000	69067000	NPC
chr5	69092000	69093000	NPC
chr5	69095000	69096000	NPC
chr5	69097000	69098000	NPC
chr5	69109000	69110000	NPC
chr5	69111000	69112000	NPC
chr5	69255000	69256000	NPC
chr5	69263000	69264000	NPC
chr5	69270000	69271000	NPC
chr5	69274000	69275000	NPC
chr5	69525000	69526000	NPC
chr5	69531000	69535000	NPC
chr5	69742000	69744000	NPC
chr5	69747000	69748000	NPC
chr5	69799000	69800000	NPC
chr5	69801000	69804000	NPC
chr5	69805000	69806000	NPC
chr5	70064000	70066000	NPC
chr5	70069000	70070000	NPC
chr5	70071000	70072000	NPC
chr5	70076000	70078000	NPC
chr5	70080000	70082000	NPC
chr5	70090000	70091000	NPC
chr5	70095000	70098000	NPC
chr5	70110000	70111000	NPC
chr5	70113000	70114000	NPC
chr5	70115000	70116000	NPC
chr5	70127000	70130000	NPC
chr5	70144000	70148000	NPC
chr5	70156000	70157000	NPC
chr5	70169000	70170000	NPC
chr5	70172000	70173000	NPC
chr5	70178000	70180000	NPC
chr5	70199000	70200000	NPC
chr5	70233000	70238000	NPC
chr5	70248000	70249000	NPC
chr5	70251000	70252000	NPC
chr5	70289000	70290000	NPC
chr5	70291000	70292000	NPC
chr5	70295000	70296000	NPC
chr5	70312000	70315000	NPC
chr5	70318000	70319000	NPC
chr5	70416000	70417000	NPC
chr5	70419000	70421000	NPC
chr5	70422000	70425000	NPC
chr5	70434000	70436000	NPC
chr5	70444000	70445000	NPC
chr5	70465000	70466000	NPC
chr5	70467000	70468000	NPC
chr5	70503000	70504000	NPC
chr5	70507000	70508000	NPC
chr5	70519000	70520000	NPC
chr5	70539000	70540000	NPC
chr5	70582000	70583000	NPC
chr5	70588000	70589000	NPC
chr5	70604000	70605000	NPC
chr5	70611000	70612000	NPC
chr5	70615000	70616000	NPC
chr5	70618000	70619000	NPC
chr5	70634000	70638000	NPC
chr5	70640000	70642000	NPC
chr5	70643000	70644000	NPC
chr5	70648000	70651000	NPC
chr5	70659000	70660000	NPC
chr5	70661000	70662000	NPC
chr5	70664000	70665000	NPC
chr5	70670000	70671000	NPC
chr5	70718000	70719000	NPC
chr5	70721000	70722000	NPC
chr5	70741000	70743000	NPC
chr5	70746000	70747000	NPC
chr5	70749000	70750000	NPC
chr5	70758000	70759000	NPC
chr5	70762000	70763000	NPC
chr5	70771000	70772000	NPC
chr5	70804000	70805000	NPC
chr5	70807000	70808000	NPC
chr5	71374000	71376000	ESC
chr5	71830000	71831000	NPC
chr5	71844000	71845000	NPC
chr5	71851000	71852000	NPC
chr5	72288000	72290000	NPC
chr5	72302000	72303000	NPC
chr5	72305000	72306000	NPC
chr5	72777000	72779000	ESC
chr5	72781000	72784000	ESC
chr5	72859000	72860000	ESC
chr5	72866000	72867000	ESC
chr5	73286000	73287000	ESC
chr5	73685000	73686000	ESC
chr5	75229000	75232000	ESC
chr5	75233000	75234000	ESC
chr5	75235000	75241000	ESC
chr5	75349000	75351000	ESC
chr5	75352000	75355000	ESC
chr5	75356000	75360000	ESC
chr5	75364000	75367000	ESC
chr5	75428000	75439000	ESC
chr5	75732000	75733000	ESC
chr5	76257000	76260000	ESC
chr5	77438000	77439000	ESC
chr5	77732000	77734000	ESC
chr5	77827000	77828000	ESC
chr5	77921000	77922000	ESC
chr5	77929000	77935000	ESC
chr5	78090000	78092000	ESC
chr5	79148000	79149000	NPC
chr5	79151000	79152000	NPC
chr5	79667000	79668000	NPC
chr5	79694000	79695000	NPC
chr5	79701000	79702000	NPC
chr5	79752000	79753000	NPC
chr5	79762000	79763000	NPC
chr5	79798000	79799000	NPC
chr5	79818000	79819000	NPC
chr5	80443000	80444000	NPC
chr5	80461000	80462000	NPC
chr5	80491000	80494000	NPC
chr5	80497000	80498000	NPC
chr5	80501000	80504000	NPC
chr5	80508000	80509000	NPC
chr5	80512000	80517000	NPC
chr5	80519000	80522000	NPC
chr5	80529000	80530000	NPC
chr5	80562000	80563000	NPC
chr5	81116000	81118000	NPC
chr5	81121000	81122000	NPC
chr5	81153000	81154000	NPC
chr5	81167000	81168000	NPC
chr5	81267000	81268000	NPC
chr5	81270000	81271000	NPC
chr5	81279000	81280000	NPC
chr5	81319000	81321000	NPC
chr5	81345000	81346000	NPC
chr5	81349000	81350000	NPC
chr5	81361000	81362000	NPC
chr5	81366000	81367000	NPC
chr5	81407000	81408000	NPC
chr5	81418000	81419000	NPC
chr5	81428000	81429000	NPC
chr5	81430000	81432000	NPC
chr5	81455000	81456000	NPC
chr5	81476000	81477000	NPC
chr5	81490000	81491000	NPC
chr5	81493000	81494000	NPC
chr5	81500000	81501000	NPC
chr5	81516000	81517000	NPC
chr5	81518000	81519000	NPC
chr5	81536000	81537000	NPC
chr5	82095000	82098000	ESC
chr5	82869000	82870000	ESC
chr5	85490000	85493000	ESC
chr5	87741000	87742000	NPC
chr5	87744000	87746000	NPC
chr5	87747000	87748000	NPC
chr5	87749000	87751000	NPC
chr5	88790000	88791000	NPC
chr5	88808000	88809000	NPC
chr5	88827000	88828000	NPC
chr5	88831000	88832000	NPC
chr5	88834000	88835000	NPC
chr5	88854000	88855000	NPC
chr5	88857000	88858000	NPC
chr5	88860000	88862000	NPC
chr5	88884000	88885000	NPC
chr5	88887000	88889000	NPC
chr5	88952000	88955000	NPC
chr5	88959000	88960000	NPC
chr5	88961000	88964000	NPC
chr5	88966000	88967000	NPC
chr5	88968000	88969000	NPC
chr5	88983000	88984000	NPC
chr5	89063000	89065000	NPC
chr5	89074000	89075000	NPC
chr5	89190000	89191000	NPC
chr5	89403000	89404000	NPC
chr5	89418000	89419000	NPC
chr5	89443000	89444000	NPC
chr5	89562000	89566000	NPC
chr5	89567000	89568000	NPC
chr5	89962000	89963000	ESC
chr5	90770000	90775000	NPC
chr5	90776000	90779000	NPC
chr5	90957000	90959000	ESC
chr5	91834000	91835000	ESC
chr5	92149000	92150000	ESC
chr5	93467000	93470000	ESC
chr5	93749000	93750000	ESC
chr5	93758000	93759000	ESC
chr5	94016000	94018000	ESC
chr5	96613000	96617000	ESC
chr5	97911000	97914000	NPC
chr5	97916000	97917000	NPC
chr5	97925000	97926000	NPC
chr5	97928000	97929000	NPC
chr5	97931000	97933000	NPC
chr5	97936000	97937000	NPC
chr5	97939000	97944000	NPC
chr5	97945000	97946000	NPC
chr5	97950000	97951000	NPC
chr5	97972000	97973000	NPC
chr5	97976000	97977000	NPC
chr5	97997000	98002000	NPC
chr5	98003000	98004000	NPC
chr5	98009000	98012000	NPC
chr5	98018000	98019000	NPC
chr5	98175000	98176000	ESC
chr5	98270000	98272000	ESC
chr5	98406000	98408000	ESC
chr5	98409000	98413000	ESC
chr5	98420000	98428000	ESC
chr5	98429000	98431000	ESC
chr5	99094000	99098000	ESC
chr5	99273000	99274000	ESC
chr5	101779000	101781000	ESC
chr5	101887000	101888000	ESC
chr5	106687000	106702000	ESC
chr5	106703000	106712000	ESC
chr5	106799000	106803000	ESC
chr5	107528000	107530000	ESC
chr5	107927000	107928000	ESC
chr5	107964000	107966000	ESC
chr5	108605000	108610000	ESC
chr5	108935000	108936000	ESC
chr5	109015000	109016000	ESC
chr5	110582000	110583000	ESC
chr5	110721000	110723000	ESC
chr5	111219000	111220000	ESC
chr5	111472000	111473000	ESC
chr5	111516000	111519000	ESC
chr5	111520000	111521000	ESC
chr5	111525000	111526000	ESC
chr5	111658000	111662000	ESC
chr5	111780000	111783000	NPC
chr5	112467000	112469000	ESC
chr5	112631000	112633000	ESC
chr5	112816000	112820000	ESC
chr5	113529000	113530000	ESC
chr5	114726000	114727000	ESC
chr5	114896000	114897000	ESC
chr5	114917000	114919000	ESC
chr5	115691000	115692000	ESC
chr5	116525000	116526000	ESC
chr5	116816000	116817000	ESC
chr5	118101000	118105000	ESC
chr5	118127000	118130000	ESC
chr5	118286000	118289000	ESC
chr5	119124000	119125000	ESC
chr5	119283000	119284000	ESC
chr5	119309000	119311000	ESC
chr5	119313000	119316000	ESC
chr5	119317000	119323000	ESC
chr5	119329000	119331000	ESC
chr5	119332000	119333000	ESC
chr5	119342000	119343000	ESC
chr5	119347000	119350000	ESC
chr5	119518000	119519000	ESC
chr5	119532000	119534000	ESC
chr5	119786000	119787000	ESC
chr5	119807000	119809000	ESC
chr5	119886000	119889000	ESC
chr5	120009000	120012000	ESC
chr5	120028000	120029000	ESC
chr5	120057000	120066000	ESC
chr5	120069000	120070000	ESC
chr5	120090000	120103000	ESC
chr5	120126000	120128000	ESC
chr5	120471000	120472000	ESC
chr5	120484000	120490000	ESC
chr5	120491000	120492000	ESC
chr5	120493000	120494000	ESC
chr5	120514000	120515000	ESC
chr5	120532000	120533000	ESC
chr5	120539000	120541000	ESC
chr5	120700000	120702000	ESC
chr5	120970000	120972000	ESC
chr5	121092000	121093000	ESC
chr5	121101000	121103000	ESC
chr5	121264000	121265000	ESC
chr5	122089000	122091000	ESC
chr5	122096000	122097000	ESC
chr5	122113000	122114000	ESC
chr5	123212000	123214000	ESC
chr5	123548000	123549000	ESC
chr5	123874000	123876000	ESC
chr5	123945000	123946000	ESC
chr5	125106000	125107000	ESC
chr5	127050000	127051000	ESC
chr5	128746000	128749000	ESC
chr5	128908000	128914000	ESC
chr5	128916000	128918000	ESC
chr5	129061000	129063000	ESC
chr5	129096000	129098000	ESC
chr5	129126000	129127000	ESC
chr5	129128000	129130000	ESC
chr5	129524000	129526000	ESC
chr5	129991000	129996000	NPC
chr5	130732000	130736000	ESC
chr5	131589000	131593000	ESC
chr5	131901000	131902000	ESC
chr5	132510000	132514000	NPC
chr5	132515000	132524000	NPC
chr5	132616000	132620000	NPC
chr5	132624000	132627000	NPC
chr5	132640000	132641000	NPC
chr5	132642000	132644000	NPC
chr5	132645000	132647000	NPC
chr5	132649000	132653000	NPC
chr5	132654000	132658000	NPC
chr5	132660000	132661000	NPC
chr5	132662000	132663000	NPC
chr5	132665000	132666000	NPC
chr5	132795000	132797000	NPC
chr5	134501000	134502000	ESC
chr5	134505000	134508000	ESC
chr5	135271000	135272000	ESC
chr5	135534000	135536000	ESC
chr5	135542000	135544000	ESC
chr5	135561000	135562000	ESC
chr5	135689000	135690000	ESC
chr5	135828000	135829000	ESC
chr5	136152000	136155000	ESC
chr5	136515000	136520000	ESC
chr5	136523000	136524000	ESC
chr5	136527000	136529000	ESC
chr5	136849000	136851000	ESC
chr5	136852000	136853000	ESC
chr5	137130000	137131000	ESC
chr5	137165000	137169000	ESC
chr5	137517000	137520000	ESC
chr5	137715000	137716000	ESC
chr5	137813000	137814000	ESC
chr5	138501000	138502000	ESC
chr5	138505000	138507000	ESC
chr5	138746000	138753000	NPC
chr5	139008000	139011000	ESC
chr5	139073000	139076000	ESC
chr5	139186000	139187000	ESC
chr5	139250000	139253000	ESC
chr5	139383000	139384000	ESC
chr5	139806000	139808000	ESC
chr5	139872000	139873000	ESC
chr5	140117000	140118000	ESC
chr5	140159000	140165000	ESC
chr5	140196000	140197000	ESC
chr5	140222000	140227000	ESC
chr5	140852000	140855000	ESC
chr5	140857000	140866000	ESC
chr5	140987000	140990000	ESC
chr5	141495000	141497000	ESC
chr5	142242000	142243000	ESC
chr5	142782000	142783000	ESC
chr5	142860000	142861000	ESC
chr5	143077000	143083000	ESC
chr5	143085000	143089000	ESC
chr5	143516000	143526000	ESC
chr5	143552000	143560000	ESC
chr5	143622000	143623000	ESC
chr5	143628000	143630000	ESC
chr5	143635000	143643000	ESC
chr5	143646000	143647000	ESC
chr5	143651000	143654000	ESC
chr5	147155000	147157000	ESC
chr5	147710000	147711000	ESC
chr5	148061000	148062000	ESC
chr5	148063000	148064000	ESC
chr5	148387000	148389000	ESC
chr5	149069000	149071000	ESC
chr5	149079000	149080000	ESC
chr5	149325000	149328000	ESC
chr5	149329000	149330000	ESC
chr5	149332000	149334000	ESC
chr5	149341000	149342000	ESC
chr5	149376000	149377000	ESC
chr5	149596000	149597000	ESC
chr5	149680000	149682000	ESC
chr5	151184000	151185000	ESC
chr5	151220000	151223000	ESC
chr5	151458000	151459000	ESC
chr5	151501000	151503000	ESC
chr6	4454000	4456000	ESC
chr6	4564000	4565000	ESC
chr6	4609000	4610000	ESC
chr6	4687000	4688000	ESC
chr6	5249000	5250000	ESC
chr6	6815000	6816000	ESC
chr6	6829000	6832000	ESC
chr6	7504000	7507000	ESC
chr6	8898000	8902000	ESC
chr6	8904000	8907000	ESC
chr6	12699000	12700000	ESC
chr6	14848000	14852000	ESC
chr6	17256000	17259000	ESC
chr6	17790000	17791000	ESC
chr6	17979000	17983000	ESC
chr6	18119000	18121000	ESC
chr6	18464000	18466000	ESC
chr6	21164000	21167000	ESC
chr6	21801000	21802000	ESC
chr6	21935000	21938000	ESC
chr6	22238000	22240000	ESC
chr6	24904000	24906000	ESC
chr6	25632000	25635000	NPC
chr6	25776000	25778000	NPC
chr6	25779000	25784000	NPC
chr6	25789000	25790000	NPC
chr6	25794000	25795000	NPC
chr6	25798000	25799000	NPC
chr6	25825000	25826000	NPC
chr6	25843000	25844000	NPC
chr6	26670000	26671000	NPC
chr6	26745000	26746000	NPC
chr6	26848000	26849000	NPC
chr6	28085000	28086000	ESC
chr6	28164000	28165000	ESC
chr6	28210000	28211000	ESC
chr6	28212000	28213000	ESC
chr6	28342000	28343000	ESC
chr6	28344000	28349000	ESC
chr6	28401000	28404000	ESC
chr6	28781000	28784000	ESC
chr6	28859000	28860000	ESC
chr6	28930000	28933000	ESC
chr6	29163000	29166000	ESC
chr6	29381000	29386000	ESC
chr6	29442000	29444000	ESC
chr6	29445000	29449000	ESC
chr6	29456000	29458000	ESC
chr6	29479000	29481000	ESC
chr6	29686000	29687000	ESC
chr6	29688000	29689000	ESC
chr6	30122000	30125000	NPC
chr6	30409000	30410000	ESC
chr6	30412000	30415000	ESC
chr6	30682000	30685000	ESC
chr6	30887000	30889000	ESC
chr6	30947000	30948000	ESC
chr6	31002000	31003000	ESC
chr6	31146000	31151000	ESC
chr6	31215000	31216000	ESC
chr6	31491000	31496000	ESC
chr6	34202000	34203000	ESC
chr6	36318000	36320000	ESC
chr6	37225000	37226000	ESC
chr6	37227000	37231000	ESC
chr6	38221000	38223000	ESC
chr6	38224000	38225000	ESC
chr6	38283000	38284000	ESC
chr6	38566000	38567000	ESC
chr6	38575000	38576000	ESC
chr6	38591000	38594000	ESC
chr6	38607000	38608000	ESC
chr6	38609000	38611000	ESC
chr6	40364000	40366000	ESC
chr6	40718000	40719000	NPC
chr6	40726000	40727000	NPC
chr6	40730000	40731000	NPC
chr6	40733000	40734000	NPC
chr6	40735000	40736000	NPC
chr6	40742000	40743000	NPC
chr6	40744000	40746000	NPC
chr6	41472000	41474000	ESC
chr6	42251000	42253000	ESC
chr6	42254000	42255000	ESC
chr6	45559000	45560000	NPC
chr6	45596000	45597000	NPC
chr6	45642000	45643000	NPC
chr6	45669000	45670000	NPC
chr6	45715000	45716000	NPC
chr6	45724000	45725000	NPC
chr6	45728000	45729000	NPC
chr6	45734000	45735000	NPC
chr6	45777000	45778000	NPC
chr6	47833000	47837000	ESC
chr6	48365000	48372000	ESC
chr6	48374000	48378000	ESC
chr6	48414000	48418000	ESC
chr6	48419000	48421000	ESC
chr6	48525000	48526000	ESC
chr6	48550000	48551000	ESC
chr6	48556000	48561000	ESC
chr6	48966000	48968000	ESC
chr6	49148000	49157000	NPC
chr6	50524000	50526000	ESC
chr6	51098000	51100000	ESC
chr6	51102000	51105000	ESC
chr6	52079000	52084000	ESC
chr6	52085000	52088000	ESC
chr6	52090000	52124000	ESC
chr6	52126000	52155000	ESC
chr6	52158000	52159000	ESC
chr6	53000000	53001000	ESC
chr6	53217000	53218000	ESC
chr6	53747000	53753000	ESC
chr6	53969000	53970000	ESC
chr6	54255000	54258000	ESC
chr6	54628000	54629000	ESC
chr6	54872000	54875000	ESC
chr6	54902000	54903000	ESC
chr6	55381000	55384000	ESC
chr6	55606000	55607000	ESC
chr6	56582000	56583000	ESC
chr6	57753000	57755000	ESC
chr6	60757000	60759000	ESC
chr6	61109000	61111000	ESC
chr6	63186000	63187000	ESC
chr6	64659000	64660000	ESC
chr6	64664000	64665000	ESC
chr6	65311000	65312000	ESC
chr6	65600000	65603000	ESC
chr6	66826000	66827000	ESC
chr6	67387000	67389000	NPC
chr6	67464000	67466000	ESC
chr6	70977000	70980000	ESC
chr6	71637000	71639000	ESC
chr6	72146000	72147000	ESC
chr6	72164000	72165000	ESC
chr6	72717000	72718000	ESC
chr6	76387000	76389000	NPC
chr6	76390000	76391000	NPC
chr6	77171000	77175000	ESC
chr6	82367000	82368000	ESC
chr6	82996000	82999000	ESC
chr6	83001000	83002000	ESC
chr6	83013000	83014000	ESC
chr6	83051000	83054000	ESC
chr6	83101000	83103000	ESC
chr6	83121000	83123000	ESC
chr6	83126000	83128000	ESC
chr6	83335000	83336000	ESC
chr6	83382000	83387000	ESC
chr6	83388000	83391000	ESC
chr6	83393000	83395000	ESC
chr6	83396000	83397000	ESC
chr6	83403000	83406000	ESC
chr6	83409000	83413000	ESC
chr6	83414000	83415000	ESC
chr6	83419000	83423000	ESC
chr6	83446000	83451000	NPC
chr6	83453000	83456000	NPC
chr6	83668000	83669000	ESC
chr6	83674000	83682000	ESC
chr6	83722000	83724000	ESC
chr6	83725000	83730000	ESC
chr6	83831000	83833000	ESC
chr6	85090000	85093000	ESC
chr6	85158000	85161000	ESC
chr6	85172000	85173000	ESC
chr6	85190000	85191000	ESC
chr6	85373000	85376000	ESC
chr6	85444000	85445000	ESC
chr6	85446000	85448000	ESC
chr6	85449000	85452000	ESC
chr6	85474000	85475000	ESC
chr6	85937000	85938000	ESC
chr6	85981000	85982000	ESC
chr6	85994000	85996000	ESC
chr6	86590000	86591000	ESC
chr6	87159000	87160000	ESC
chr6	87698000	87700000	ESC
chr6	88156000	88157000	ESC
chr6	88160000	88163000	ESC
chr6	88164000	88167000	ESC
chr6	88168000	88170000	ESC
chr6	88258000	88260000	NPC
chr6	88304000	88312000	NPC
chr6	88593000	88594000	ESC
chr6	88690000	88693000	ESC
chr6	88831000	88833000	ESC
chr6	88839000	88842000	ESC
chr6	90091000	90092000	NPC
chr6	90096000	90097000	NPC
chr6	90124000	90125000	NPC
chr6	90139000	90140000	NPC
chr6	90142000	90143000	NPC
chr6	90145000	90147000	NPC
chr6	90163000	90164000	NPC
chr6	90167000	90168000	NPC
chr6	90188000	90189000	NPC
chr6	90190000	90191000	NPC
chr6	90193000	90194000	NPC
chr6	90274000	90276000	ESC
chr6	90290000	90292000	ESC
chr6	90392000	90394000	ESC
chr6	90428000	90429000	ESC
chr6	91250000	91252000	ESC
chr6	91361000	91363000	ESC
chr6	91373000	91378000	ESC
chr6	91684000	91695000	NPC
chr6	91696000	91702000	NPC
chr6	92669000	92671000	ESC
chr6	92906000	92911000	ESC
chr6	93644000	93646000	ESC
chr6	97452000	97454000	ESC
chr6	97490000	97512000	NPC
chr6	99486000	99488000	ESC
chr6	99898000	99900000	NPC
chr6	99902000	99914000	NPC
chr6	99928000	99939000	NPC
chr6	100011000	100023000	NPC
chr6	101342000	101344000	ESC
chr6	101846000	101849000	NPC
chr6	101850000	101852000	NPC
chr6	103476000	103478000	ESC
chr6	105643000	105645000	ESC
chr6	107495000	107497000	ESC
chr6	110284000	110285000	NPC
chr6	110293000	110294000	NPC
chr6	110313000	110314000	NPC
chr6	110317000	110318000	NPC
chr6	110320000	110322000	NPC
chr6	110332000	110333000	NPC
chr6	110343000	110344000	NPC
chr6	110408000	110409000	NPC
chr6	112453000	112457000	ESC
chr6	113461000	113462000	ESC
chr6	114096000	114099000	ESC
chr6	114248000	114251000	ESC
chr6	114363000	114367000	ESC
chr6	114703000	114704000	ESC
chr6	115326000	115329000	ESC
chr6	115925000	115926000	ESC
chr6	115928000	115930000	ESC
chr6	115933000	115934000	ESC
chr6	115956000	115964000	ESC
chr6	116426000	116428000	ESC
chr6	117681000	117682000	ESC
chr6	117962000	117964000	ESC
chr6	118444000	118447000	ESC
chr6	118558000	118560000	ESC
chr6	119072000	119076000	ESC
chr6	119295000	119297000	ESC
chr6	119412000	119413000	ESC
chr6	119505000	119511000	ESC
chr6	120429000	120430000	ESC
chr6	120457000	120460000	ESC
chr6	121175000	121178000	ESC
chr6	121378000	121379000	ESC
chr6	122589000	122590000	ESC
chr6	124825000	124826000	ESC
chr6	124830000	124833000	ESC
chr6	125251000	125252000	ESC
chr6	125280000	125281000	ESC
chr6	125323000	125324000	ESC
chr6	125328000	125330000	ESC
chr6	126129000	126131000	ESC
chr6	126703000	126707000	ESC
chr6	126981000	126982000	ESC
chr6	127114000	127124000	ESC
chr6	127294000	127300000	ESC
chr6	127301000	127302000	ESC
chr6	129582000	129583000	NPC
chr6	129589000	129590000	NPC
chr6	129591000	129592000	NPC
chr6	129593000	129594000	NPC
chr6	129595000	129596000	NPC
chr6	129602000	129604000	NPC
chr6	129606000	129607000	NPC
chr6	129643000	129644000	NPC
chr6	132690000	132691000	NPC
chr6	132703000	132704000	NPC
chr6	132705000	132706000	NPC
chr6	132707000	132709000	NPC
chr6	132711000	132712000	NPC
chr6	132718000	132719000	NPC
chr6	132722000	132723000	NPC
chr6	132813000	132814000	NPC
chr6	132859000	132860000	NPC
chr6	132895000	132896000	NPC
chr6	132899000	132900000	NPC
chr6	132905000	132906000	NPC
chr6	134949000	134950000	ESC
chr6	135697000	135698000	ESC
chr6	136625000	136628000	ESC
chr6	137216000	137218000	ESC
chr6	137380000	137381000	ESC
chr6	138386000	138387000	ESC
chr6	140258000	140259000	ESC
chr6	141210000	141213000	ESC
chr6	141527000	141530000	NPC
chr6	141531000	141533000	NPC
chr6	141534000	141535000	NPC
chr6	141536000	141538000	NPC
chr6	142371000	142374000	ESC
chr6	142921000	142922000	ESC
chr6	144308000	144310000	ESC
chr6	144311000	144312000	ESC
chr6	144738000	144741000	ESC
chr6	145819000	145828000	ESC
chr6	146458000	146461000	ESC
chr6	147220000	147222000	ESC
chr6	147224000	147225000	ESC
chr6	148004000	148005000	ESC
chr6	149057000	149059000	ESC
chr7	4530000	4532000	ESC
chr7	4595000	4599000	ESC
chr7	4633000	4635000	ESC
chr7	4656000	4661000	ESC
chr7	5735000	5736000	ESC
chr7	5792000	5794000	ESC
chr7	11828000	11830000	ESC
chr7	11943000	11946000	ESC
chr7	12161000	12162000	ESC
chr7	15115000	15117000	ESC
chr7	15303000	15305000	ESC
chr7	15317000	15318000	ESC
chr7	15969000	15971000	ESC
chr7	16065000	16067000	ESC
chr7	16103000	16106000	ESC
chr7	18085000	18086000	ESC
chr7	18121000	18125000	ESC
chr7	18150000	18152000	ESC
chr7	18223000	18225000	ESC
chr7	18250000	18251000	ESC
chr7	18253000	18257000	ESC
chr7	18276000	18277000	ESC
chr7	18463000	18466000	ESC
chr7	18647000	18651000	ESC
chr7	18677000	18684000	ESC
chr7	24080000	24081000	ESC
chr7	24085000	24086000	ESC
chr7	24140000	24144000	ESC
chr7	24208000	24209000	ESC
chr7	24294000	24296000	ESC
chr7	24299000	24300000	ESC
chr7	24303000	24304000	ESC
chr7	24321000	24322000	ESC
chr7	24641000	24643000	ESC
chr7	24662000	24666000	ESC
chr7	24719000	24721000	ESC
chr7	24722000	24723000	ESC
chr7	24887000	24889000	ESC
chr7	24890000	24891000	ESC
chr7	25076000	25079000	ESC
chr7	27072000	27074000	ESC
chr7	27365000	27369000	ESC
chr7	27998000	27999000	ESC
chr7	28009000	28011000	ESC
chr7	28596000	28598000	ESC
chr7	28880000	28882000	ESC
chr7	29501000	29503000	ESC
chr7	30065000	30067000	ESC
chr7	30068000	30071000	ESC
chr7	30235000	30236000	ESC
chr7	30241000	30244000	ESC
chr7	30424000	30426000	ESC
chr7	30527000	30530000	ESC
chr7	30776000	30777000	ESC
chr7	34384000	34385000	ESC
chr7	34826000	34832000	ESC
chr7	34893000	34897000	ESC
chr7	34911000	34914000	ESC
chr7	36396000	36397000	ESC
chr7	36398000	36406000	ESC
chr7	36408000	36410000	ESC
chr7	36478000	36481000	ESC
chr7	37045000	37047000	ESC
chr7	37332000	37334000	ESC
chr7	40672000	40673000	ESC
chr7	40674000	40677000	ESC
chr7	43330000	43333000	ESC
chr7	43343000	43347000	ESC
chr7	43542000	43545000	ESC
chr7	43637000	43639000	ESC
chr7	43651000	43653000	ESC
chr7	44220000	44223000	ESC
chr7	44294000	44300000	ESC
chr7	44309000	44313000	ESC
chr7	44327000	44332000	ESC
chr7	44348000	44351000	ESC
chr7	44707000	44709000	ESC
chr7	45507000	45509000	ESC
chr7	45560000	45561000	ESC
chr7	45562000	45564000	ESC
chr7	45566000	45569000	ESC
chr7	45570000	45571000	ESC
chr7	45661000	45663000	ESC
chr7	45665000	45667000	ESC
chr7	45738000	45740000	ESC
chr7	45843000	45844000	ESC
chr7	46245000	46246000	ESC
chr7	46263000	46268000	ESC
chr7	46273000	46275000	ESC
chr7	46294000	46295000	ESC
chr7	46533000	46535000	ESC
chr7	48047000	48048000	NPC
chr7	48134000	48135000	NPC
chr7	48312000	48313000	NPC
chr7	48324000	48325000	NPC
chr7	48347000	48348000	NPC
chr7	48361000	48362000	NPC
chr7	48369000	48370000	NPC
chr7	48371000	48372000	NPC
chr7	48399000	48400000	NPC
chr7	48419000	48420000	NPC
chr7	48425000	48426000	NPC
chr7	48446000	48447000	NPC
chr7	48458000	48459000	NPC
chr7	48463000	48464000	NPC
chr7	48478000	48479000	NPC
chr7	48511000	48512000	NPC
chr7	48524000	48525000	NPC
chr7	48526000	48527000	NPC
chr7	48530000	48531000	NPC
chr7	48535000	48536000	NPC
chr7	48552000	48554000	NPC
chr7	48555000	48556000	NPC
chr7	48557000	48558000	NPC
chr7	48559000	48560000	NPC
chr7	48586000	48587000	NPC
chr7	48588000	48589000	NPC
chr7	48750000	48751000	ESC
chr7	48827000	48829000	ESC
chr7	49067000	49068000	ESC
chr7	49115000	49116000	ESC
chr7	49117000	49118000	ESC
chr7	49500000	49502000	ESC
chr7	51378000	51380000	ESC
chr7	58526000	58529000	ESC
chr7	59509000	59510000	NPC
chr7	59850000	59851000	NPC
chr7	59852000	59853000	NPC
chr7	59902000	59904000	NPC
chr7	59905000	59906000	NPC
chr7	59908000	59909000	NPC
chr7	60819000	60820000	NPC
chr7	60880000	60881000	NPC
chr7	60883000	60884000	NPC
chr7	60912000	60913000	NPC
chr7	61005000	61007000	NPC
chr7	61052000	61053000	NPC
chr7	61054000	61055000	NPC
chr7	61084000	61085000	NPC
chr7	61102000	61103000	NPC
chr7	61117000	61118000	NPC
chr7	61152000	61153000	NPC
chr7	61159000	61160000	NPC
chr7	61188000	61189000	NPC
chr7	61288000	61289000	NPC
chr7	61330000	61334000	NPC
chr7	61353000	61354000	NPC
chr7	61357000	61358000	NPC
chr7	61359000	61360000	NPC
chr7	61366000	61367000	NPC
chr7	61370000	61371000	NPC
chr7	61377000	61378000	NPC
chr7	61399000	61403000	NPC
chr7	61404000	61405000	NPC
chr7	61406000	61407000	NPC
chr7	61411000	61412000	NPC
chr7	61423000	61426000	NPC
chr7	61429000	61430000	NPC
chr7	61431000	61432000	NPC
chr7	61437000	61438000	NPC
chr7	61459000	61460000	NPC
chr7	61462000	61463000	NPC
chr7	61469000	61470000	NPC
chr7	61472000	61477000	NPC
chr7	61483000	61484000	NPC
chr7	61494000	61496000	NPC
chr7	61519000	61520000	NPC
chr7	61530000	61531000	NPC
chr7	62039000	62042000	NPC
chr7	62048000	62050000	NPC
chr7	62051000	62052000	NPC
chr7	62064000	62065000	NPC
chr7	62066000	62067000	NPC
chr7	62071000	62075000	NPC
chr7	62079000	62082000	NPC
chr7	62083000	62086000	NPC
chr7	62087000	62090000	NPC
chr7	62091000	62096000	NPC
chr7	62097000	62098000	NPC
chr7	62099000	62110000	NPC
chr7	62119000	62131000	NPC
chr7	62132000	62133000	NPC
chr7	62134000	62135000	NPC
chr7	62136000	62138000	NPC
chr7	62140000	62141000	NPC
chr7	62146000	62155000	NPC
chr7	62162000	62164000	NPC
chr7	62177000	62193000	NPC
chr7	62195000	62197000	NPC
chr7	62221000	62224000	NPC
chr7	62235000	62239000	NPC
chr7	62240000	62252000	NPC
chr7	62253000	62254000	NPC
chr7	62261000	62262000	NPC
chr7	62263000	62265000	NPC
chr7	62267000	62268000	NPC
chr7	62269000	62271000	NPC
chr7	62301000	62302000	NPC
chr7	62330000	62331000	ESC
chr7	62342000	62343000	ESC
chr7	64063000	64064000	ESC
chr7	64147000	64148000	ESC
chr7	64379000	64383000	ESC
chr7	65034000	65036000	ESC
chr7	65988000	65990000	ESC
chr7	66266000	66267000	ESC
chr7	66305000	66307000	ESC
chr7	67800000	67813000	NPC
chr7	68149000	68151000	ESC
chr7	70153000	70157000	ESC
chr7	70158000	70162000	ESC
chr7	70196000	70224000	ESC
chr7	70225000	70245000	ESC
chr7	71962000	71965000	NPC
chr7	71967000	71968000	NPC
chr7	71970000	71974000	NPC
chr7	71977000	71978000	NPC
chr7	71982000	71983000	NPC
chr7	71984000	71985000	NPC
chr7	71987000	71988000	NPC
chr7	73246000	73251000	ESC
chr7	73264000	73268000	ESC
chr7	73269000	73277000	ESC
chr7	73278000	73285000	ESC
chr7	73290000	73291000	ESC
chr7	73614000	73616000	ESC
chr7	73772000	73776000	NPC
chr7	73779000	73808000	NPC
chr7	73820000	73827000	NPC
chr7	73829000	73832000	NPC
chr7	73919000	73921000	NPC
chr7	73923000	73924000	NPC
chr7	73978000	73980000	NPC
chr7	73981000	73986000	NPC
chr7	73987000	73989000	NPC
chr7	74428000	74429000	ESC
chr7	76793000	76796000	NPC
chr7	78447000	78454000	ESC
chr7	78755000	78758000	ESC
chr7	79003000	79004000	ESC
chr7	79338000	79339000	ESC
chr7	79370000	79391000	ESC
chr7	79405000	79420000	ESC
chr7	79427000	79428000	ESC
chr7	79445000	79448000	ESC
chr7	79449000	79450000	ESC
chr7	79451000	79452000	ESC
chr7	79462000	79463000	ESC
chr7	79464000	79465000	ESC
chr7	79490000	79492000	ESC
chr7	79582000	79583000	ESC
chr7	79675000	79676000	ESC
chr7	79683000	79686000	ESC
chr7	80254000	80256000	ESC
chr7	80560000	80562000	ESC
chr7	80748000	80750000	ESC
chr7	81261000	81268000	NPC
chr7	81270000	81272000	NPC
chr7	81273000	81276000	NPC
chr7	81299000	81300000	NPC
chr7	81305000	81306000	NPC
chr7	81307000	81312000	NPC
chr7	81580000	81582000	ESC
chr7	81731000	81735000	ESC
chr7	81806000	81808000	ESC
chr7	82211000	82214000	ESC
chr7	82507000	82508000	NPC
chr7	82509000	82513000	NPC
chr7	82514000	82516000	NPC
chr7	82744000	82747000	ESC
chr7	83961000	83962000	ESC
chr7	84404000	84406000	ESC
chr7	86244000	86245000	NPC
chr7	86261000	86262000	NPC
chr7	86267000	86268000	NPC
chr7	86269000	86271000	NPC
chr7	86282000	86283000	NPC
chr7	86318000	86319000	NPC
chr7	86334000	86335000	NPC
chr7	86611000	86612000	NPC
chr7	86620000	86621000	NPC
chr7	86638000	86639000	NPC
chr7	86735000	86736000	NPC
chr7	86765000	86766000	NPC
chr7	87459000	87460000	ESC
chr7	88004000	88007000	ESC
chr7	89392000	89394000	ESC
chr7	89507000	89508000	ESC
chr7	90177000	90179000	ESC
chr7	90532000	90534000	NPC
chr7	90535000	90536000	NPC
chr7	90548000	90550000	NPC
chr7	90569000	90570000	NPC
chr7	90657000	90658000	NPC
chr7	90661000	90662000	NPC
chr7	90668000	90669000	NPC
chr7	90671000	90672000	NPC
chr7	91100000	91102000	NPC
chr7	91105000	91106000	NPC
chr7	91107000	91108000	NPC
chr7	91110000	91111000	NPC
chr7	92954000	92957000	ESC
chr7	93194000	93196000	NPC
chr7	93197000	93198000	NPC
chr7	93199000	93201000	NPC
chr7	93202000	93203000	NPC
chr7	93320000	93321000	NPC
chr7	93322000	93323000	NPC
chr7	93330000	93331000	NPC
chr7	93332000	93333000	NPC
chr7	93339000	93341000	NPC
chr7	93342000	93343000	NPC
chr7	93360000	93361000	NPC
chr7	93365000	93366000	NPC
chr7	93367000	93368000	NPC
chr7	93369000	93370000	NPC
chr7	93379000	93380000	NPC
chr7	93384000	93385000	NPC
chr7	93389000	93390000	NPC
chr7	93419000	93420000	NPC
chr7	93429000	93430000	NPC
chr7	93460000	93461000	NPC
chr7	93462000	93463000	NPC
chr7	93483000	93484000	NPC
chr7	93488000	93489000	NPC
chr7	93495000	93496000	NPC
chr7	93504000	93506000	NPC
chr7	93568000	93569000	NPC
chr7	93596000	93597000	NPC
chr7	93599000	93600000	NPC
chr7	93635000	93636000	NPC
chr7	93644000	93645000	NPC
chr7	93670000	93671000	NPC
chr7	93689000	93690000	NPC
chr7	93691000	93693000	NPC
chr7	93697000	93698000	NPC
chr7	93705000	93707000	NPC
chr7	93711000	93712000	NPC
chr7	93719000	93720000	NPC
chr7	93722000	93723000	NPC
chr7	93738000	93739000	NPC
chr7	93744000	93745000	NPC
chr7	93771000	93772000	NPC
chr7	93780000	93781000	NPC
chr7	93800000	93801000	NPC
chr7	93877000	93878000	NPC
chr7	93884000	93885000	NPC
chr7	93889000	93891000	NPC
chr7	93916000	93917000	NPC
chr7	93918000	93919000	NPC
chr7	93920000	93922000	NPC
chr7	93927000	93928000	NPC
chr7	93929000	93930000	NPC
chr7	93932000	93933000	NPC
chr7	93934000	93936000	NPC
chr7	93940000	93942000	NPC
chr7	94002000	94003000	NPC
chr7	94004000	94005000	NPC
chr7	94597000	94598000	NPC
chr7	94618000	94619000	NPC
chr7	94622000	94623000	NPC
chr7	94703000	94704000	NPC
chr7	94755000	94756000	NPC
chr7	94852000	94853000	NPC
chr7	94868000	94869000	NPC
chr7	94893000	94894000	NPC
chr7	96092000	96096000	NPC
chr7	96269000	96272000	NPC
chr7	96274000	96281000	NPC
chr7	96439000	96462000	NPC
chr7	96703000	96715000	NPC
chr7	96735000	96736000	NPC
chr7	96789000	96790000	NPC
chr7	96957000	96959000	ESC
chr7	97199000	97203000	ESC
chr7	97954000	97956000	ESC
chr7	97984000	97988000	ESC
chr7	98067000	98070000	ESC
chr7	98374000	98376000	ESC
chr7	98648000	98649000	ESC
chr7	98721000	98723000	ESC
chr7	99056000	99059000	ESC
chr7	99060000	99062000	ESC
chr7	99124000	99125000	ESC
chr7	99142000	99144000	ESC
chr7	99255000	99259000	ESC
chr7	99268000	99269000	ESC
chr7	99340000	99345000	ESC
chr7	99410000	99411000	ESC
chr7	99790000	99793000	ESC
chr7	99916000	99918000	ESC
chr7	100050000	100053000	ESC
chr7	100804000	100805000	ESC
chr7	100847000	100849000	ESC
chr7	100873000	100874000	ESC
chr7	101174000	101175000	ESC
chr7	101378000	101380000	ESC
chr7	101690000	101695000	ESC
chr7	101966000	101968000	ESC
chr7	101986000	101989000	ESC
chr7	101990000	101991000	ESC
chr7	102122000	102123000	ESC
chr7	105308000	105310000	ESC
chr7	105355000	105357000	ESC
chr7	105628000	105629000	ESC
chr7	105631000	105632000	ESC
chr7	105634000	105640000	ESC
chr7	105654000	105655000	ESC
chr7	105656000	105657000	ESC
chr7	105660000	105662000	ESC
chr7	108659000	108660000	NPC
chr7	108661000	108662000	NPC
chr7	108960000	108967000	ESC
chr7	109229000	109231000	ESC
chr7	110417000	110422000	ESC
chr7	111570000	111571000	ESC
chr7	112016000	112019000	ESC
chr7	112218000	112220000	ESC
chr7	112746000	112747000	ESC
chr7	112941000	112942000	NPC
chr7	113556000	113559000	ESC
chr7	114205000	114208000	ESC
chr7	114398000	114401000	NPC
chr7	114402000	114404000	NPC
chr7	115821000	115832000	ESC
chr7	118281000	118284000	ESC
chr7	118367000	118368000	ESC
chr7	118369000	118371000	ESC
chr7	118372000	118375000	ESC
chr7	118785000	118787000	ESC
chr7	119992000	119993000	ESC
chr7	120388000	120390000	ESC
chr7	120634000	120635000	ESC
chr7	120637000	120639000	ESC
chr7	120988000	120990000	NPC
chr7	120991000	120995000	NPC
chr7	121183000	121185000	ESC
chr7	122080000	122082000	ESC
chr7	122822000	122823000	ESC
chr7	123453000	123454000	NPC
chr7	123467000	123468000	NPC
chr7	123472000	123473000	NPC
chr7	123477000	123478000	NPC
chr7	123892000	123893000	NPC
chr7	123902000	123903000	NPC
chr7	123918000	123923000	NPC
chr7	123924000	123925000	NPC
chr7	123926000	123928000	NPC
chr7	123933000	123934000	NPC
chr7	123942000	123945000	NPC
chr7	123946000	123948000	NPC
chr7	123950000	123951000	NPC
chr7	123953000	123954000	NPC
chr7	123978000	123979000	NPC
chr7	123980000	123981000	NPC
chr7	123985000	123986000	NPC
chr7	123988000	123989000	NPC
chr7	123992000	123993000	NPC
chr7	124020000	124021000	NPC
chr7	124022000	124024000	NPC
chr7	126083000	126085000	ESC
chr7	127134000	127136000	ESC
chr7	127235000	127237000	ESC
chr7	128043000	128045000	ESC
chr7	128061000	128062000	ESC
chr7	128206000	128207000	ESC
chr7	128208000	128212000	ESC
chr7	129049000	129050000	ESC
chr7	130051000	130053000	ESC
chr7	130054000	130055000	ESC
chr7	130056000	130058000	ESC
chr7	130726000	130729000	ESC
chr7	131992000	131993000	ESC
chr7	132154000	132156000	ESC
chr7	132434000	132442000	ESC
chr7	132650000	132652000	ESC
chr7	134063000	134065000	ESC
chr7	134775000	134776000	ESC
chr7	135248000	135250000	ESC
chr7	135377000	135378000	ESC
chr7	135692000	135693000	ESC
chr7	137062000	137063000	ESC
chr7	137145000	137160000	ESC
chr7	138938000	138940000	ESC
chr7	139432000	139437000	ESC
chr7	139685000	139687000	ESC
chr7	139836000	139837000	ESC
chr7	140004000	140006000	ESC
chr7	140638000	140640000	ESC
chr7	141120000	141121000	ESC
chr7	141143000	141147000	ESC
chr7	141313000	141317000	ESC
chr7	141545000	141546000	ESC
chr7	141763000	141764000	ESC
chr7	141889000	141894000	ESC
chr7	141897000	141900000	ESC
chr7	141902000	141905000	ESC
chr7	142180000	142182000	ESC
chr7	142291000	142295000	ESC
chr7	142463000	142465000	ESC
chr7	143112000	143114000	ESC
chr7	143120000	143121000	ESC
chr7	143134000	143136000	ESC
chr7	143253000	143258000	ESC
chr7	143266000	143271000	ESC
chr7	143272000	143273000	ESC
chr7	143274000	143276000	ESC
chr7	143511000	143513000	ESC
chr7	143543000	143544000	ESC
chr7	143565000	143566000	ESC
chr7	143590000	143591000	ESC
chr7	144219000	144220000	ESC
chr7	144370000	144371000	ESC
chr7	144487000	144489000	ESC
chr7	144671000	144674000	NPC
chr7	144841000	144842000	ESC
chr8	3475000	3478000	ESC
chr8	3494000	3497000	ESC
chr8	3993000	3995000	ESC
chr8	4180000	4182000	ESC
chr8	4183000	4184000	ESC
chr8	4187000	4190000	ESC
chr8	4191000	4192000	ESC
chr8	4194000	4197000	ESC
chr8	4202000	4208000	ESC
chr8	4212000	4217000	ESC
chr8	4227000	4228000	ESC
chr8	4230000	4231000	ESC
chr8	8620000	8622000	ESC
chr8	8659000	8661000	ESC
chr8	8711000	8713000	ESC
chr8	10005000	10007000	ESC
chr8	10926000	10928000	ESC
chr8	11188000	11190000	ESC
chr8	11281000	11282000	ESC
chr8	11310000	11318000	ESC
chr8	11325000	11327000	ESC
chr8	11437000	11440000	ESC
chr8	11476000	11478000	ESC
chr8	11479000	11480000	ESC
chr8	12383000	12393000	ESC
chr8	12394000	12395000	ESC
chr8	12400000	12403000	ESC
chr8	12429000	12431000	ESC
chr8	12466000	12468000	ESC
chr8	13493000	13495000	ESC
chr8	13589000	13590000	ESC
chr8	13592000	13594000	ESC
chr8	13597000	13598000	ESC
chr8	13675000	13677000	ESC
chr8	15010000	15013000	ESC
chr8	15014000	15015000	ESC
chr8	15016000	15017000	ESC
chr8	15018000	15019000	ESC
chr8	15020000	15021000	ESC
chr8	15022000	15023000	ESC
chr8	15025000	15032000	ESC
chr8	17532000	17533000	ESC
chr8	19535000	19537000	ESC
chr8	24258000	24259000	ESC
chr8	24564000	24565000	ESC
chr8	24581000	24582000	ESC
chr8	24618000	24624000	ESC
chr8	26062000	26063000	ESC
chr8	26500000	26505000	ESC
chr8	26610000	26612000	ESC
chr8	26705000	26707000	ESC
chr8	26905000	26907000	ESC
chr8	26980000	26984000	ESC
chr8	26985000	26986000	ESC
chr8	27975000	27976000	ESC
chr8	28437000	28438000	ESC
chr8	28440000	28448000	ESC
chr8	28551000	28556000	ESC
chr8	28558000	28560000	ESC
chr8	32555000	32557000	ESC
chr8	34347000	34351000	ESC
chr8	34982000	34984000	ESC
chr8	36202000	36205000	ESC
chr8	36274000	36275000	ESC
chr8	36276000	36279000	ESC
chr8	36844000	36845000	ESC
chr8	37054000	37059000	ESC
chr8	37233000	37235000	ESC
chr8	37294000	37295000	ESC
chr8	37564000	37565000	ESC
chr8	37615000	37616000	ESC
chr8	40128000	40130000	ESC
chr8	41785000	41787000	ESC
chr8	42361000	42363000	ESC
chr8	43916000	43917000	NPC
chr8	44051000	44052000	NPC
chr8	46471000	46473000	ESC
chr8	46475000	46478000	ESC
chr8	46479000	46480000	ESC
chr8	46831000	46833000	ESC
chr8	46857000	46860000	ESC
chr8	47044000	47045000	NPC
chr8	47046000	47048000	NPC
chr8	47051000	47055000	NPC
chr8	47058000	47059000	NPC
chr8	47063000	47065000	NPC
chr8	47650000	47653000	ESC
chr8	47716000	47719000	ESC
chr8	47790000	47793000	ESC
chr8	47797000	47798000	ESC
chr8	48237000	48242000	ESC
chr8	48786000	48789000	ESC
chr8	48908000	48914000	ESC
chr8	49223000	49225000	ESC
chr8	49718000	49721000	ESC
chr8	49727000	49729000	ESC
chr8	50239000	50240000	ESC
chr8	50342000	50344000	ESC
chr8	52189000	52190000	NPC
chr8	52194000	52195000	NPC
chr8	52197000	52198000	NPC
chr8	52199000	52200000	NPC
chr8	52207000	52210000	NPC
chr8	54206000	54207000	NPC
chr8	54228000	54229000	NPC
chr8	54321000	54323000	NPC
chr8	54368000	54369000	NPC
chr8	54422000	54423000	NPC
chr8	54424000	54425000	NPC
chr8	54447000	54448000	NPC
chr8	59005000	59006000	NPC
chr8	59014000	59015000	NPC
chr8	59024000	59025000	NPC
chr8	59063000	59064000	NPC
chr8	60204000	60207000	ESC
chr8	60211000	60230000	ESC
chr8	60231000	60238000	ESC
chr8	60239000	60242000	ESC
chr8	61804000	61806000	ESC
chr8	63398000	63399000	ESC
chr8	63522000	63524000	ESC
chr8	63525000	63527000	ESC
chr8	64441000	64442000	ESC
chr8	64598000	64599000	ESC
chr8	67097000	67098000	ESC
chr8	69616000	69618000	ESC
chr8	71205000	71206000	ESC
chr8	71663000	71665000	ESC
chr8	71809000	71811000	ESC
chr8	72804000	72807000	ESC
chr8	72809000	72819000	ESC
chr8	73011000	73019000	ESC
chr8	73040000	73045000	ESC
chr8	73259000	73260000	ESC
chr8	73301000	73310000	ESC
chr8	73380000	73383000	ESC
chr8	73415000	73420000	ESC
chr8	73421000	73428000	ESC
chr8	73429000	73432000	ESC
chr8	73645000	73646000	ESC
chr8	73672000	73674000	ESC
chr8	73785000	73786000	ESC
chr8	73790000	73792000	ESC
chr8	73793000	73794000	ESC
chr8	73820000	73822000	ESC
chr8	74309000	74310000	ESC
chr8	74389000	74392000	ESC
chr8	74409000	74411000	ESC
chr8	74436000	74437000	ESC
chr8	74440000	74441000	ESC
chr8	74454000	74457000	ESC
chr8	74529000	74532000	ESC
chr8	74622000	74623000	ESC
chr8	75568000	75569000	ESC
chr8	75570000	75572000	ESC
chr8	75645000	75646000	ESC
chr8	78107000	78109000	ESC
chr8	79795000	79797000	ESC
chr8	80413000	80414000	ESC
chr8	80619000	80622000	ESC
chr8	81753000	81754000	ESC
chr8	82953000	82955000	ESC
chr8	83506000	83508000	ESC
chr8	83774000	83776000	ESC
chr8	83778000	83779000	ESC
chr8	84238000	84239000	ESC
chr8	86180000	86181000	ESC
chr8	86557000	86559000	ESC
chr8	86638000	86639000	ESC
chr8	86932000	86935000	ESC
chr8	87507000	87508000	ESC
chr8	87592000	87600000	ESC
chr8	87601000	87602000	ESC
chr8	87603000	87611000	ESC
chr8	87621000	87622000	ESC
chr8	87624000	87634000	ESC
chr8	87639000	87642000	ESC
chr8	87655000	87658000	ESC
chr8	87660000	87667000	ESC
chr8	87668000	87681000	ESC
chr8	87683000	87692000	ESC
chr8	87900000	87902000	ESC
chr8	87903000	87904000	ESC
chr8	88240000	88241000	ESC
chr8	88591000	88592000	ESC
chr8	89928000	89929000	ESC
chr8	90358000	90361000	ESC
chr8	90549000	90553000	ESC
chr8	90851000	90853000	ESC
chr8	91161000	91165000	ESC
chr8	91342000	91347000	ESC
chr8	91410000	91414000	ESC
chr8	91529000	91530000	ESC
chr8	91748000	91749000	ESC
chr8	92162000	92164000	ESC
chr8	93236000	93238000	ESC
chr8	93739000	93740000	ESC
chr8	94687000	94691000	ESC
chr8	94692000	94699000	ESC
chr8	94958000	94959000	ESC
chr8	95245000	95258000	ESC
chr8	95563000	95570000	ESC
chr8	95849000	95851000	ESC
chr8	96701000	96703000	ESC
chr8	96849000	96851000	ESC
chr8	96852000	96854000	ESC
chr8	97422000	97425000	ESC
chr8	97582000	97585000	ESC
chr8	97660000	97661000	ESC
chr8	97667000	97669000	ESC
chr8	97802000	97804000	ESC
chr8	97963000	97964000	ESC
chr8	98208000	98214000	ESC
chr8	98216000	98219000	ESC
chr8	98242000	98245000	ESC
chr8	98805000	98806000	ESC
chr8	98808000	98809000	ESC
chr8	105674000	105677000	ESC
chr8	106984000	106987000	ESC
chr8	106988000	106990000	ESC
chr8	107031000	107032000	ESC
chr8	107229000	107231000	ESC
chr8	107232000	107233000	ESC
chr8	107428000	107433000	ESC
chr8	107519000	107521000	ESC
chr8	108031000	108032000	ESC
chr8	108042000	108043000	ESC
chr8	108147000	108149000	ESC
chr8	108156000	108162000	ESC
chr8	108163000	108166000	ESC
chr8	108168000	108169000	ESC
chr8	108239000	108240000	ESC
chr8	108263000	108268000	ESC
chr8	108269000	108270000	ESC
chr8	108302000	108303000	ESC
chr8	108501000	108505000	ESC
chr8	109154000	109155000	ESC
chr8	109224000	109226000	ESC
chr8	109397000	109399000	ESC
chr8	109755000	109762000	ESC
chr8	109864000	109866000	NPC
chr8	111584000	111587000	ESC
chr8	111620000	111621000	ESC
chr8	111681000	111684000	ESC
chr8	111827000	111829000	ESC
chr8	111835000	111838000	ESC
chr8	111844000	111847000	ESC
chr8	112373000	112375000	ESC
chr8	112837000	112838000	ESC
chr8	112850000	112853000	ESC
chr8	113372000	113373000	ESC
chr8	113609000	113612000	ESC
chr8	113625000	113626000	ESC
chr8	113676000	113677000	ESC
chr8	114223000	114224000	ESC
chr8	114776000	114778000	ESC
chr8	116734000	116735000	ESC
chr8	118591000	118595000	ESC
chr8	119687000	119688000	ESC
chr8	119749000	119751000	ESC
chr8	119902000	119906000	ESC
chr8	119981000	119982000	ESC
chr8	120019000	120022000	ESC
chr8	120023000	120026000	ESC
chr8	120375000	120376000	ESC
chr8	120539000	120540000	ESC
chr8	121169000	121172000	ESC
chr8	121679000	121681000	ESC
chr8	122301000	122302000	ESC
chr8	122333000	122335000	ESC
chr8	122518000	122522000	ESC
chr8	122756000	122757000	ESC
chr8	122876000	122881000	ESC
chr8	123000000	123004000	ESC
chr8	123046000	123048000	ESC
chr8	123372000	123374000	ESC
chr8	123623000	123625000	ESC
chr8	123639000	123640000	ESC
chr8	123969000	123977000	ESC
chr8	124001000	124004000	ESC
chr8	124319000	124320000	ESC
chr8	124638000	124640000	ESC
chr8	125077000	125078000	ESC
chr8	125118000	125119000	ESC
chr8	125154000	125157000	ESC
chr8	125169000	125172000	ESC
chr8	125221000	125225000	ESC
chr8	125484000	125485000	ESC
chr8	125487000	125488000	ESC
chr8	126002000	126006000	ESC
chr8	126400000	126401000	ESC
chr8	126778000	126782000	ESC
chr8	126960000	126961000	NPC
chr8	127446000	127447000	ESC
chr8	127553000	127554000	ESC
chr8	127678000	127681000	ESC
chr8	127939000	127942000	ESC
chr8	129024000	129026000	ESC
chr8	129185000	129186000	ESC
chr8	129693000	129694000	ESC
chr8	131243000	131247000	ESC
chr8	131751000	131754000	NPC
chr8	131755000	131756000	NPC
chr8	131767000	131770000	NPC
chr8	131775000	131776000	NPC
chr9	4794000	4796000	ESC
chr9	9438000	9444000	NPC
chr9	12015000	12016000	NPC
chr9	12021000	12022000	NPC
chr9	12026000	12027000	NPC
chr9	12038000	12039000	NPC
chr9	12114000	12115000	NPC
chr9	12117000	12118000	NPC
chr9	12155000	12156000	NPC
chr9	12169000	12170000	NPC
chr9	12253000	12254000	NPC
chr9	12261000	12262000	NPC
chr9	12320000	12321000	NPC
chr9	12356000	12358000	NPC
chr9	12589000	12590000	NPC
chr9	12601000	12602000	NPC
chr9	12605000	12606000	NPC
chr9	12613000	12614000	NPC
chr9	12620000	12621000	NPC
chr9	12650000	12651000	NPC
chr9	12816000	12817000	NPC
chr9	12821000	12822000	NPC
chr9	14500000	14503000	ESC
chr9	14610000	14613000	ESC
chr9	14795000	14796000	ESC
chr9	15459000	15462000	ESC
chr9	16249000	16253000	ESC
chr9	16758000	16760000	NPC
chr9	16768000	16770000	NPC
chr9	16918000	16919000	NPC
chr9	16920000	16921000	NPC
chr9	16922000	16923000	NPC
chr9	16942000	16943000	NPC
chr9	16967000	16969000	NPC
chr9	16991000	16992000	NPC
chr9	17005000	17006000	NPC
chr9	17071000	17072000	NPC
chr9	17078000	17080000	NPC
chr9	17081000	17082000	NPC
chr9	17209000	17210000	NPC
chr9	17227000	17228000	NPC
chr9	17425000	17426000	NPC
chr9	17454000	17455000	NPC
chr9	17482000	17483000	NPC
chr9	17519000	17520000	NPC
chr9	17549000	17550000	NPC
chr9	17580000	17581000	NPC
chr9	17660000	17661000	NPC
chr9	18025000	18028000	NPC
chr9	18030000	18031000	NPC
chr9	18039000	18040000	NPC
chr9	18042000	18043000	NPC
chr9	18072000	18073000	NPC
chr9	18101000	18102000	NPC
chr9	18116000	18117000	NPC
chr9	18127000	18128000	NPC
chr9	18870000	18871000	NPC
chr9	18872000	18873000	NPC
chr9	18929000	18930000	NPC
chr9	19000000	19001000	NPC
chr9	19168000	19169000	NPC
chr9	19189000	19190000	NPC
chr9	19243000	19244000	NPC
chr9	19776000	19777000	NPC
chr9	19805000	19806000	NPC
chr9	19853000	19854000	NPC
chr9	19957000	19958000	NPC
chr9	20445000	20446000	ESC
chr9	20474000	20479000	ESC
chr9	21711000	21712000	ESC
chr9	21740000	21743000	ESC
chr9	21939000	21940000	ESC
chr9	22972000	22973000	ESC
chr9	24445000	24447000	ESC
chr9	24520000	24523000	ESC
chr9	24524000	24525000	ESC
chr9	24528000	24532000	ESC
chr9	25231000	25233000	ESC
chr9	26272000	26273000	NPC
chr9	26274000	26280000	NPC
chr9	26281000	26282000	NPC
chr9	26283000	26286000	NPC
chr9	26904000	26905000	ESC
chr9	27540000	27542000	ESC
chr9	29788000	29790000	NPC
chr9	29792000	29793000	NPC
chr9	29874000	29875000	NPC
chr9	29876000	29884000	NPC
chr9	29890000	29901000	NPC
chr9	29902000	29905000	NPC
chr9	29906000	29911000	NPC
chr9	29920000	29928000	NPC
chr9	29929000	29934000	NPC
chr9	29935000	29938000	NPC
chr9	29939000	29941000	NPC
chr9	29942000	29943000	NPC
chr9	29976000	29980000	NPC
chr9	29982000	29983000	NPC
chr9	29993000	29994000	NPC
chr9	29996000	29997000	NPC
chr9	29998000	30001000	NPC
chr9	30067000	30069000	NPC
chr9	30071000	30073000	NPC
chr9	30075000	30078000	NPC
chr9	30082000	30083000	NPC
chr9	30093000	30094000	NPC
chr9	30671000	30672000	ESC
chr9	31213000	31215000	ESC
chr9	31333000	31334000	ESC
chr9	31606000	31607000	ESC
chr9	31664000	31667000	ESC
chr9	32093000	32094000	ESC
chr9	32158000	32161000	ESC
chr9	32183000	32185000	ESC
chr9	32422000	32423000	ESC
chr9	32781000	32788000	NPC
chr9	32800000	32806000	NPC
chr9	32807000	32812000	NPC
chr9	32813000	32818000	NPC
chr9	32819000	32822000	NPC
chr9	32829000	32836000	NPC
chr9	32837000	32842000	NPC
chr9	32843000	32844000	NPC
chr9	32846000	32848000	NPC
chr9	32850000	32855000	NPC
chr9	32857000	32858000	NPC
chr9	32860000	32861000	NPC
chr9	32862000	32863000	NPC
chr9	32866000	32867000	NPC
chr9	32871000	32873000	NPC
chr9	32874000	32875000	NPC
chr9	32892000	32893000	NPC
chr9	32915000	32916000	NPC
chr9	32921000	32924000	NPC
chr9	32925000	32927000	NPC
chr9	32931000	32934000	NPC
chr9	32936000	32937000	NPC
chr9	32939000	32940000	NPC
chr9	32953000	32954000	NPC
chr9	32959000	32960000	NPC
chr9	33012000	33016000	NPC
chr9	33017000	33021000	NPC
chr9	33022000	33023000	NPC
chr9	33031000	33032000	NPC
chr9	33041000	33042000	NPC
chr9	33054000	33055000	NPC
chr9	33057000	33059000	NPC
chr9	33061000	33062000	NPC
chr9	33063000	33064000	NPC
chr9	33074000	33075000	NPC
chr9	33079000	33080000	NPC
chr9	33086000	33087000	NPC
chr9	33093000	33096000	NPC
chr9	33313000	33317000	NPC
chr9	33318000	33319000	NPC
chr9	33323000	33324000	NPC
chr9	33334000	33336000	NPC
chr9	33340000	33341000	NPC
chr9	33342000	33343000	NPC
chr9	33344000	33345000	NPC
chr9	33352000	33353000	NPC
chr9	33357000	33358000	NPC
chr9	33363000	33364000	NPC
chr9	33369000	33371000	NPC
chr9	33386000	33387000	NPC
chr9	33391000	33392000	NPC
chr9	33400000	33401000	NPC
chr9	33402000	33403000	NPC
chr9	33412000	33413000	NPC
chr9	33414000	33416000	NPC
chr9	33423000	33424000	NPC
chr9	33616000	33617000	NPC
chr9	33633000	33634000	NPC
chr9	33636000	33639000	NPC
chr9	33640000	33641000	NPC
chr9	33753000	33754000	NPC
chr9	33755000	33756000	NPC
chr9	33762000	33764000	NPC
chr9	33765000	33766000	NPC
chr9	33768000	33769000	NPC
chr9	33777000	33778000	NPC
chr9	33779000	33783000	NPC
chr9	33785000	33786000	NPC
chr9	33797000	33798000	NPC
chr9	34237000	34240000	ESC
chr9	35074000	35080000	NPC
chr9	35152000	35157000	NPC
chr9	35164000	35168000	NPC
chr9	35758000	35759000	NPC
chr9	35789000	35790000	NPC
chr9	35793000	35794000	NPC
chr9	35860000	35861000	NPC
chr9	35864000	35865000	NPC
chr9	35868000	35869000	NPC
chr9	35924000	35925000	NPC
chr9	36008000	36009000	NPC
chr9	36064000	36065000	NPC
chr9	36075000	36076000	NPC
chr9	36081000	36082000	NPC
chr9	36099000	36100000	NPC
chr9	36135000	36136000	NPC
chr9	36137000	36138000	NPC
chr9	36172000	36173000	NPC
chr9	36187000	36188000	NPC
chr9	36190000	36191000	NPC
chr9	36193000	36195000	NPC
chr9	36198000	36199000	NPC
chr9	36204000	36206000	NPC
chr9	36692000	36693000	ESC
chr9	36893000	36897000	ESC
chr9	37132000	37135000	ESC
chr9	37167000	37170000	ESC
chr9	37171000	37172000	ESC
chr9	37179000	37180000	ESC
chr9	37182000	37185000	ESC
chr9	37205000	37207000	ESC
chr9	37209000	37211000	ESC
chr9	37278000	37282000	ESC
chr9	37288000	37291000	ESC
chr9	37300000	37301000	ESC
chr9	38423000	38424000	NPC
chr9	38508000	38509000	NPC
chr9	38512000	38514000	NPC
chr9	38524000	38525000	NPC
chr9	38528000	38531000	NPC
chr9	38566000	38567000	NPC
chr9	38570000	38571000	NPC
chr9	38573000	38574000	NPC
chr9	38578000	38579000	NPC
chr9	38604000	38605000	NPC
chr9	38607000	38608000	NPC
chr9	38723000	38724000	NPC
chr9	38732000	38733000	NPC
chr9	38741000	38742000	NPC
chr9	38756000	38757000	NPC
chr9	38775000	38776000	NPC
chr9	38827000	38828000	NPC
chr9	38830000	38831000	NPC
chr9	38908000	38909000	NPC
chr9	38936000	38937000	NPC
chr9	39008000	39009000	NPC
chr9	39076000	39077000	NPC
chr9	39237000	39238000	NPC
chr9	39239000	39241000	NPC
chr9	39243000	39245000	NPC
chr9	39760000	39761000	NPC
chr9	40205000	40207000	ESC
chr9	40280000	40283000	ESC
chr9	40436000	40438000	ESC
chr9	40906000	40910000	ESC
chr9	41641000	41642000	ESC
chr9	42271000	42272000	ESC
chr9	42694000	42695000	ESC
chr9	43023000	43024000	ESC
chr9	43025000	43026000	ESC
chr9	43794000	43796000	ESC
chr9	43836000	43837000	ESC
chr9	43886000	43887000	ESC
chr9	44037000	44040000	ESC
chr9	44063000	44065000	ESC
chr9	44459000	44460000	ESC
chr9	44466000	44468000	ESC
chr9	44484000	44486000	ESC
chr9	44550000	44551000	ESC
chr9	45198000	45199000	ESC
chr9	45493000	45496000	ESC
chr9	46020000	46022000	ESC
chr9	46193000	46196000	ESC
chr9	48400000	48401000	ESC
chr9	48575000	48576000	ESC
chr9	48583000	48591000	ESC
chr9	48714000	48715000	ESC
chr9	49549000	49551000	ESC
chr9	50313000	50314000	ESC
chr9	50503000	50504000	ESC
chr9	50854000	50856000	ESC
chr9	50951000	50971000	NPC
chr9	50973000	50975000	NPC
chr9	51921000	51922000	ESC
chr9	52440000	52441000	ESC
chr9	53372000	53373000	ESC
chr9	53866000	53867000	ESC
chr9	54084000	54086000	ESC
chr9	54340000	54341000	ESC
chr9	54443000	54445000	ESC
chr9	54496000	54499000	ESC
chr9	54824000	54825000	ESC
chr9	55198000	55199000	ESC
chr9	55230000	55231000	ESC
chr9	55336000	55346000	ESC
chr9	56417000	56422000	ESC
chr9	56432000	56434000	ESC
chr9	56662000	56668000	ESC
chr9	56681000	56682000	ESC
chr9	56695000	56696000	ESC
chr9	56725000	56726000	ESC
chr9	57494000	57496000	ESC
chr9	57627000	57629000	NPC
chr9	57630000	57635000	NPC
chr9	57637000	57638000	NPC
chr9	57879000	57880000	ESC
chr9	57995000	57996000	ESC
chr9	58110000	58112000	ESC
chr9	58286000	58288000	ESC
chr9	58657000	58659000	ESC
chr9	59401000	59403000	ESC
chr9	59744000	59745000	ESC
chr9	59747000	59748000	ESC
chr9	60073000	60076000	NPC
chr9	60079000	60083000	NPC
chr9	60091000	60109000	NPC
chr9	60111000	60135000	NPC
chr9	60136000	60137000	NPC
chr9	60138000	60144000	NPC
chr9	60511000	60513000	ESC
chr9	60764000	60769000	NPC
chr9	62475000	62478000	ESC
chr9	63221000	63225000	NPC
chr9	63750000	63752000	ESC
chr9	63858000	63861000	ESC
chr9	63882000	63884000	ESC
chr9	64898000	64902000	ESC
chr9	64922000	64923000	ESC
chr9	64940000	64941000	ESC
chr9	64960000	64962000	ESC
chr9	65169000	65171000	ESC
chr9	65188000	65190000	ESC
chr9	65196000	65198000	ESC
chr9	65866000	65867000	ESC
chr9	65952000	65953000	ESC
chr9	65954000	65956000	ESC
chr9	65980000	65981000	ESC
chr9	66392000	66393000	ESC
chr9	66717000	66718000	ESC
chr9	66847000	66850000	ESC
chr9	68155000	68156000	NPC
chr9	68157000	68162000	NPC
chr9	69090000	69091000	ESC
chr9	69468000	69469000	ESC
chr9	69734000	69740000	NPC
chr9	70601000	70602000	ESC
chr9	71598000	71599000	ESC
chr9	71600000	71601000	ESC
chr9	71930000	71932000	ESC
chr9	72604000	72607000	ESC
chr9	72722000	72724000	ESC
chr9	74638000	74646000	ESC
chr9	74647000	74654000	ESC
chr9	75396000	75398000	ESC
chr9	76109000	76110000	ESC
chr9	77441000	77442000	ESC
chr9	78228000	78231000	ESC
chr9	79503000	79507000	ESC
chr9	81428000	81430000	ESC
chr9	82942000	82944000	ESC
chr9	83600000	83603000	ESC
chr9	85123000	85126000	ESC
chr9	85641000	85642000	ESC
chr9	86677000	86678000	ESC
chr9	87527000	87529000	ESC
chr9	87530000	87532000	ESC
chr9	88125000	88130000	ESC
chr9	88131000	88134000	ESC
chr9	89420000	89421000	ESC
chr9	89705000	89706000	ESC
chr9	89707000	89710000	ESC
chr9	89852000	89853000	ESC
chr9	89960000	89964000	ESC
chr9	91148000	91150000	ESC
chr9	91151000	91155000	ESC
chr9	91158000	91170000	ESC
chr9	91172000	91173000	ESC
chr9	91174000	91186000	ESC
chr9	91200000	91206000	ESC
chr9	91207000	91208000	ESC
chr9	92261000	92262000	ESC
chr9	94169000	94170000	NPC
chr9	94172000	94173000	NPC
chr9	94174000	94177000	NPC
chr9	94179000	94180000	NPC
chr9	94181000	94184000	NPC
chr9	94470000	94471000	ESC
chr9	94473000	94474000	ESC
chr9	94488000	94491000	ESC
chr9	95213000	95217000	ESC
chr9	95369000	95371000	ESC
chr9	96246000	96248000	ESC
chr9	96826000	96829000	ESC
chr9	98758000	98760000	ESC
chr9	98761000	98767000	ESC
chr9	98769000	98773000	ESC
chr9	99245000	99246000	ESC
chr9	99684000	99685000	ESC
chr9	99838000	99839000	NPC
chr9	99846000	99847000	NPC
chr9	100379000	100382000	ESC
chr9	102055000	102056000	ESC
chr9	102059000	102060000	ESC
chr9	102204000	102211000	ESC
chr9	102361000	102365000	ESC
chr9	102866000	102867000	ESC
chr9	102969000	102972000	ESC
chr9	103085000	103086000	ESC
chr9	106083000	106085000	ESC
chr9	106505000	106509000	ESC
chr9	107409000	107411000	ESC
chr9	107456000	107457000	ESC
chr9	107524000	107528000	ESC
chr9	107542000	107543000	ESC
chr9	107758000	107760000	ESC
chr9	107765000	107767000	ESC
chr9	107842000	107843000	ESC
chr9	107963000	107977000	ESC
chr9	108289000	108290000	ESC
chr9	110089000	110091000	ESC
chr9	110171000	110172000	ESC
chr9	110571000	110573000	ESC
chr9	110575000	110576000	ESC
chr9	110626000	110627000	ESC
chr9	110703000	110704000	ESC
chr9	112080000	112081000	ESC
chr9	113232000	113233000	ESC
chr9	114216000	114217000	ESC
chr9	116022000	116024000	ESC
chr9	118103000	118104000	ESC
chr9	118236000	118238000	ESC
chr9	118318000	118319000	ESC
chr9	118323000	118326000	ESC
chr9	118335000	118337000	ESC
chr9	118774000	118777000	ESC
chr9	118852000	118853000	ESC
chr9	118940000	118942000	ESC
chr9	119362000	119363000	ESC
chr9	119419000	119420000	ESC
chr9	119425000	119427000	ESC
chr9	120151000	120153000	ESC
chr9	121488000	121490000	ESC
chr9	121610000	121612000	ESC
chr9	121625000	121629000	ESC
chr9	121636000	121638000	ESC
chr9	122139000	122140000	ESC
chr9	122482000	122484000	NPC
chr9	122485000	122489000	NPC
chr9	123004000	123006000	ESC
chr9	123063000	123065000	ESC
chrX	4643000	4644000	ESC
chrX	6580000	6581000	NPC
chrX	6582000	6587000	NPC
chrX	6588000	6589000	NPC
chrX	6599000	6600000	NPC
chrX	6605000	6606000	NPC
chrX	8050000	8052000	ESC
chrX	8356000	8358000	ESC
chrX	8904000	8905000	ESC
chrX	9642000	9644000	ESC
chrX	11234000	11237000	ESC
chrX	11238000	11249000	ESC
chrX	11284000	11298000	ESC
chrX	11300000	11301000	ESC
chrX	11308000	11309000	ESC
chrX	11312000	11318000	ESC
chrX	12642000	12645000	ESC
chrX	19216000	19220000	ESC
chrX	19448000	19449000	ESC
chrX	32760000	32761000	ESC
chrX	33479000	33482000	ESC
chrX	34495000	34498000	ESC
chrX	37645000	37647000	ESC
chrX	39674000	39675000	ESC
chrX	40611000	40613000	ESC
chrX	44262000	44263000	ESC
chrX	44274000	44275000	ESC
chrX	44277000	44281000	ESC
chrX	44315000	44316000	ESC
chrX	44323000	44324000	ESC
chrX	44361000	44362000	ESC
chrX	44375000	44376000	ESC
chrX	44585000	44588000	ESC
chrX	44590000	44592000	ESC
chrX	47923000	47926000	ESC
chrX	48269000	48270000	ESC
chrX	48407000	48408000	ESC
chrX	48409000	48410000	ESC
chrX	49142000	49143000	ESC
chrX	49144000	49145000	ESC
chrX	49302000	49304000	ESC
chrX	49968000	49971000	ESC
chrX	52344000	52345000	NPC
chrX	52354000	52355000	NPC
chrX	52363000	52364000	NPC
chrX	52615000	52617000	NPC
chrX	52622000	52623000	NPC
chrX	53673000	53674000	ESC
chrX	53848000	53851000	ESC
chrX	54264000	54269000	ESC
chrX	54362000	54363000	ESC
chrX	56807000	56808000	ESC
chrX	56809000	56810000	ESC
chrX	57151000	57157000	ESC
chrX	57158000	57159000	ESC
chrX	65620000	65621000	ESC
chrX	65622000	65623000	ESC
chrX	67310000	67313000	ESC
chrX	67812000	67813000	ESC
chrX	67814000	67817000	ESC
chrX	67818000	67819000	ESC
chrX	67928000	67929000	ESC
chrX	68526000	68527000	ESC
chrX	68908000	68909000	ESC
chrX	69077000	69079000	ESC
chrX	69316000	69317000	ESC
chrX	69653000	69655000	ESC
chrX	69663000	69665000	ESC
chrX	69672000	69676000	ESC
chrX	69686000	69687000	ESC
chrX	69889000	69891000	ESC
chrX	69892000	69894000	ESC
chrX	69912000	69913000	ESC
chrX	89529000	89530000	ESC
chrX	89534000	89536000	ESC
chrX	89537000	89552000	ESC
chrX	90233000	90234000	ESC
chrX	90241000	90242000	ESC
chrX	91026000	91027000	ESC
chrX	91193000	91194000	ESC
chrX	94351000	94355000	ESC
chrX	95339000	95344000	ESC
chrX	95347000	95350000	ESC
chrX	95352000	95355000	ESC
chrX	95357000	95358000	ESC
chrX	95359000	95361000	ESC
chrX	95385000	95386000	ESC
chrX	95398000	95399000	ESC
chrX	95401000	95402000	ESC
chrX	95417000	95421000	ESC
chrX	95636000	95637000	ESC
chrX	95720000	95722000	ESC
chrX	95794000	95798000	ESC
chrX	96972000	96973000	ESC
chrX	97260000	97262000	ESC
chrX	97898000	97901000	ESC
chrX	98047000	98050000	ESC
chrX	98051000	98052000	ESC
chrX	98054000	98056000	ESC
chrX	98272000	98274000	ESC
chrX	98451000	98452000	ESC
chrX	98453000	98456000	ESC
chrX	99136000	99137000	ESC
chrX	99524000	99526000	ESC
chrX	99695000	99696000	ESC
chrX	99826000	99827000	ESC
chrX	99896000	99898000	ESC
chrX	99899000	99900000	ESC
chrX	99910000	99911000	ESC
chrX	100023000	100025000	ESC
chrX	101058000	101060000	ESC
chrX	101323000	101325000	ESC
chrX	101965000	101971000	ESC
chrX	102423000	102424000	ESC
chrX	103040000	103042000	ESC
chrX	107016000	107021000	ESC
chrX	108011000	108012000	ESC
chrX	116406000	116411000	ESC
chrX	129028000	129029000	ESC
chrX	129031000	129038000	ESC
chrX	129328000	129329000	ESC
chrX	129508000	129509000	ESC
chrX	129643000	129644000	ESC
chrX	129820000	129823000	ESC
chrX	130096000	130097000	ESC
chrX	130101000	130102000	ESC
chrX	130103000	130105000	ESC
chrX	130310000	130311000	ESC
chrX	130557000	130558000	ESC
chrX	132012000	132013000	ESC
chrX	132451000	132453000	ESC
chrX	132465000	132468000	ESC
chrX	132918000	132919000	ESC
chrX	135778000	135781000	ESC
chrX	135947000	135949000	ESC
chrX	136010000	136014000	ESC
chrX	136720000	136721000	ESC
chrX	136966000	136969000	ESC
chrX	136970000	136972000	ESC
chrX	137551000	137553000	ESC
chrX	139933000	139937000	ESC
chrX	142207000	142210000	ESC
chrX	147485000	147488000	ESC
chrX	150963000	150964000	ESC
chrX	150965000	150967000	ESC
chrX	153197000	153198000	ESC
chrX	153386000	153387000	ESC
chrX	154760000	154761000	ESC
chrX	155734000	155736000	ESC
chrX	156643000	156644000	ESC
chrX	157061000	157062000	ESC
chrX	157503000	157504000	ESC
chrX	159104000	159106000	ESC
chrX	161581000	161585000	ESC
chrX	161716000	161717000	ESC
chrX	161928000	161930000	ESC
chrX	163467000	163468000	ESC
chrX	164139000	164141000	ESC
chrX	165338000	165339000	ESC
chrX	165340000	165341000	ESC
chrY	1293000	1297000	NPC
chrY	1339000	1342000	NPC
chrY	1509000	1515000	NPC
chrY	1517000	1519000	NPC
chrY	1617000	1618000	NPC
chrY	1621000	1622000	NPC
chrY	1634000	1635000	NPC
chrY	1661000	1663000	NPC
chrY	1737000	1740000	NPC
chrY	1742000	1743000	NPC
chrY	1772000	1773000	NPC
chrY	1775000	1776000	NPC
chrY	1780000	1782000	NPC
chrY	1787000	1789000	NPC
chrY	1797000	1799000	NPC
chrY	1816000	1823000	NPC
chrY	2538000	2539000	NPC
chrY	2629000	2631000	NPC
chrY	2663000	2664000	NPC
